ImageID,label
001236f2-7523-4309-855b-29f821a0b937.jpg,15
001b20e6-8d21-42d4-9983-0362d7152300.jpg,45
0038e0e6-e91e-48b4-bbe2-d5c4235f1584.jpg,4
0078418a-fc27-45c0-9c77-2b24cf4df138.jpg,8
00a4fdc2-aefe-497c-98f2-7cf368cec4d2.jpg,37
00ccbde8-f866-497f-9b3c-1e6422323461.jpg,18
0117d7ab-c44b-4c77-9e22-460cea34aaf3.jpg,52
013b7eb5-3eca-4e0c-94da-31ab8a654df3.jpg,8
013ecd1c-d4b8-470b-b798-8b330746abad.jpg,50
018b6f31-f90a-4f4d-95a0-5dc2c592ace1.jpg,8
018fd900-7a5e-4e22-91f8-0d4db4085808.jpg,14
01c7de6a-54a4-4e8d-8caa-d019f9f2c873.jpg,19
01ddc029-403f-4e56-86b9-118d3c1a2b66.jpg,22
02229843-110e-4b8d-97bb-824e1228a695.jpg,30
0235301b-7510-49c3-950e-0ffe50d13e9c.jpg,19
023eeab0-dcbb-4115-b0fe-65b5281a9c08.jpg,8
02798a43-b94f-4cdb-8d92-5d060b80a26a.jpg,12
02875948-24ca-4c45-bf34-2eb487093c3d.jpg,23
02951ae7-f447-4807-a796-1575671aca58.jpg,48
029b025f-04ad-44d9-8ee8-624a37365700.jpg,12
02d39f41-abcb-42f1-9431-2198bae34440.jpg,33
02eb1e9f-3226-4490-95fd-cd77b5328e1f.jpg,1
02ebdc43-31e7-4576-a619-71a25741dac9.jpg,17
02f6d8a6-724b-4636-9179-9e97ff64579d.jpg,45
030de142-8456-4420-bc6e-e5fdc29784a8.jpg,15
0311dc1e-d8c3-4496-bc8e-509ad98ead8e.jpg,17
0313000b-07ec-419a-a937-de8fc209cf8a.jpg,45
03242c63-be6e-4444-828e-f97efb0a7e7a.jpg,34
0343e324-6cae-489c-a4eb-434759827e19.jpg,49
035a3669-c97f-423f-add0-bd6f719a204b.jpg,2
036bd482-8236-43ca-a684-aa8efaabb353.jpg,22
03850dcb-fe6b-4eba-9131-63a17cfc23e5.jpg,12
03bbf15c-f6ea-4865-b6ef-5eec95deb471.jpg,15
03ca6a77-d982-4415-ad08-2d984adc180f.jpg,39
0423bff8-0562-462a-958a-ba151b2700a4.jpg,46
0439e6c9-0c87-4987-a2c3-54af6f157750.jpg,4
044185e4-49f7-4c83-9541-6352cc68b9b3.jpg,2
0493605d-c77c-41fe-9af7-236a88e0c65f.jpg,17
04c5ae29-4c6c-4da1-92ab-839bce3c8cb6.jpg,1
04c9ec5c-7d72-41d0-9daa-71d8484eac4e.jpg,50
04faa630-7451-40ae-8f04-178759467d9f.jpg,0
04fb2f30-8dfe-4200-8d26-11ed4824df4e.jpg,12
053082bd-d074-48e4-844e-4a8ff90f60aa.jpg,19
0579d5a0-fe96-4e16-b073-27d7f9af14e1.jpg,2
057eb295-9367-438f-acc8-18bdb344528e.jpg,15
058c47ac-3867-4eb2-8fb5-961185afa495.jpg,9
059a2ffc-dc7c-4d34-a3b8-d14fb4f53692.jpg,25
05a70e7f-4271-4014-b017-ee7318cdcdfb.jpg,32
05ac5cce-5b74-4772-90a3-f4f80e66838a.jpg,25
05d8a7cf-02d4-4229-93aa-2f0c7e2afcbe.jpg,3
05db3b3c-d714-4bd2-8fd2-3f8dd2f1611c.jpg,23
05dcdebd-515f-4745-b184-d8c06e62cf24.jpg,36
05f7bbb9-fd14-433b-baf0-243c16bc7c2a.jpg,26
065ca737-38dc-4a4a-ad85-543a2393e9dc.jpg,7
0685bfe6-4d0a-4da3-b79c-c11d9d544290.jpg,19
06935654-39a5-48a6-9aa7-809d51d24b21.jpg,18
069c7ffc-234c-4d7c-b4ff-29ba1b2f7d69.jpg,6
06bd10ed-bdf1-4e3b-9b87-43811ed5eae3.jpg,30
06c6cbc3-63af-44ff-ae66-84517111c0af.jpg,35
06eb25b5-194f-40ab-8630-88936bcef35c.jpg,23
071cfa0c-5fe0-4175-bcd7-e91712327932.jpg,0
07296f6f-df87-45da-9e12-3a1ad3c21047.jpg,32
07331d4e-21ba-490a-b71a-5c0da3d87858.jpg,2
076008f1-401d-47e1-a806-9c5cf532a7c1.jpg,35
076f8239-8115-44ed-9ba8-92290ab20220.jpg,45
077a6951-4f4b-4257-9737-56ddee0d5284.jpg,9
0783a60f-4496-4197-918d-4c8e366cad64.jpg,24
07a456b7-1379-4f67-aa82-f684211b4d40.jpg,0
085cce60-b5af-441d-ad45-0f1253338e95.jpg,18
08b4f90d-91d8-4777-b38c-87fa4707d987.jpg,12
08c5d682-1899-44c1-b73c-47e368cc73f7.jpg,45
08d8bccb-b7ec-436f-9d61-e0f93c38a940.jpg,34
08da9061-5351-4fe3-9efe-569ffb957cd8.jpg,38
08fd28d6-9815-41c8-9a89-c80cf8ae35d0.jpg,39
090180db-4152-4f04-98bd-46d417bd4cd4.jpg,24
090965fe-93e8-4ab3-af8c-7273a959a6cd.jpg,41
091b680e-f64a-4f7d-8ab1-040a4fd3a57e.jpg,0
096b916c-2f80-41b8-89cf-a0c50895727d.jpg,27
0972bb8b-213f-4c8d-8d16-1a7416882833.jpg,47
0989594e-e2f2-4c17-aad2-2b518f219fd6.jpg,43
0995f75b-41ad-4490-b46a-17bb2b53a39b.jpg,30
09a2b5dc-7ba4-4da4-b5a8-444e9f53225d.jpg,8
09cbac7e-4117-4042-9614-8d47edfeb8f8.jpg,38
09f7b49a-3f84-43ea-8b8d-3419736013b2.jpg,19
0a84b05c-4783-4325-b9cf-f0e53fa02ac2.jpg,11
0af13dd1-0665-4d3c-b7af-29a37dd8ef80.jpg,17
0b004d8b-11cf-486c-b02b-71b4977a05cd.jpg,27
0b2016d0-cb0c-4568-95b7-af469da69556.jpg,2
0b56da7b-1bbd-4f90-b96c-ea47a8092751.jpg,18
0b7e07aa-0383-4e74-9c64-1967a34a2562.jpg,32
0bac603f-8e8a-4fbf-99b3-a139145bce46.jpg,38
0bc381bb-184c-406b-ae3c-054fb55d7869.jpg,45
0bde5194-cb1a-447d-bfdf-f1c640bd4129.jpg,21
0bdeaa57-52c9-4446-827f-0e368ca4f5da.jpg,33
0bfdf2de-3441-4a76-99a3-54d4686ef460.jpg,4
0c2abd7c-3990-4d1a-91f1-0fcf8d2ceccd.jpg,26
0c330261-3d6c-4638-a2c1-d1bb2fd4da71.jpg,16
0c34024f-72dd-43f4-9f18-c7bfd7356f21.jpg,2
0c42e311-72a7-4967-beb2-578c4747ed5b.jpg,29
0c79ca5d-e083-4a4b-9fa5-68bb6eaa7bd9.jpg,18
0c7cc9cc-f5c3-4abf-9960-9663f7cf7c8c.jpg,4
0c88cbc6-815c-48ce-81ec-f1ab07e2fcf3.jpg,23
0cd2593a-6dfb-4b9a-a179-e901d4a59c95.jpg,47
0ce70f13-a91b-48f7-8d73-b6fa591fefc4.jpg,33
0d067168-f9ec-4a2c-be50-ff2d54b8ab3e.jpg,41
0d0b95fc-defe-4190-9b51-b81f4f121723.jpg,29
0d372ac8-f967-486d-a883-c2fd916db0d1.jpg,47
0d41d813-7f34-4d17-b936-320a205ae494.jpg,11
0d470e04-286e-44ef-b28b-d032d3d5af66.jpg,16
0d6c5980-84bb-4668-a9ab-f361357e097d.jpg,45
0d928049-57e6-46d3-b8d3-3abbc12feb1a.jpg,33
0de7b9e2-e2be-47e4-8412-665a439e8c1e.jpg,31
0e02cc4d-6576-4856-aa17-a655374084f4.jpg,7
0e28df14-79da-41a9-950f-d0b41de4f366.jpg,23
0e38e1bc-5939-4fb7-bd76-6a7f44cc50ee.jpg,6
0e58ba08-0ac0-4efa-abb2-5e95bfec4a68.jpg,12
0ed6a1a4-be29-4f9c-ae11-6e051d3f382e.jpg,2
0ed88880-0363-4cd3-be7d-b7dd5ca3a69a.jpg,12
0edf98be-5561-433d-b31e-5428ac1e4364.jpg,45
0f20b6cb-46fa-4536-a5ec-7581d1232302.jpg,0
0f5b4cf4-a158-4316-920d-801590d00250.jpg,51
0f765049-59e5-466b-b0df-ebecc054ffd1.jpg,1
0fbc9089-6bd1-4d2d-a9e1-2de4c554da91.jpg,14
104eba96-5197-488e-8aad-96447ec09e6d.jpg,35
106472bc-783e-4338-a48c-a5ad50622136.jpg,21
10e4b0ab-2b35-4716-8a23-a71e7c131696.jpg,31
10fa6316-2971-4940-9c3a-5926a2f06217.jpg,4
11228097-7659-4891-99c2-a370b29ec98c.jpg,14
11492144-5523-4a0d-a265-380f8302bbf9.jpg,7
117356f4-9211-451e-94af-6c0ffdde1dfe.jpg,6
1173e331-93c6-4bbb-9f05-903af5401f5e.jpg,5
1178963c-fe4e-4740-b42f-5cda60cc2ea8.jpg,23
11a65c3e-da9e-4da9-aa56-1e54cae84a89.jpg,45
11ca373d-51df-473e-b253-2876980544b1.jpg,13
11d9ea44-410c-4991-bef4-e12674db5be7.jpg,3
11e38f0c-f8c9-49e3-a50f-8fd9d43c1f4d.jpg,22
122ac999-3ac9-4ecb-9ed8-a2ee232adfc7.jpg,34
123a21e3-69c8-4f7b-8d64-db3defbfa642.jpg,1
127f782d-a063-41f0-804b-42f5d05d15a8.jpg,4
129fb124-37e1-4645-881b-14bf618e8496.jpg,47
12a5b368-b169-4eb9-b196-8f71c1ad64c2.jpg,45
12a8efe2-bb75-4b2f-99a8-8ce8d360f0d3.jpg,28
12b68e79-daab-45bc-b7a4-bf1dceafb43a.jpg,4
12bd5e05-7cef-463d-b4a2-28f14fda872e.jpg,38
12be9b1d-59d3-4577-9f9c-8bb61b08cf38.jpg,23
12cf7435-0703-4085-ac97-72872d51e223.jpg,26
12d9b6d1-f8b3-4699-b701-ff9cc6288e0c.jpg,34
12f594ad-d254-46a6-ba8b-98e675ad96bb.jpg,49
130a128f-8841-4a6b-a026-fd2f3e9f5655.jpg,38
1329f837-7fe0-4204-b76d-6ab91bf2cc9b.jpg,39
13406352-84c0-44d1-ba88-0e12f57e14fa.jpg,9
13d81e07-11e0-4a3a-8462-a905efe59ab8.jpg,4
13e58ab2-ceb5-4ade-b8fc-2ff4eff6c0d3.jpg,5
143d6378-bed2-468b-8b33-383eb31c1e4b.jpg,46
1441142d-5d58-456e-9a03-690367cffea8.jpg,18
14b6cb8d-5aab-4c86-8b6d-d1134b8ba000.jpg,8
14dab94f-2410-45a8-939f-441ece66e023.jpg,14
14f72e05-0445-494f-8ac2-aa6ecc2f2097.jpg,37
15075618-023c-4f2a-a579-84ad9b8afaea.jpg,47
150c0cb5-e731-4197-9ead-83ae1a2781b4.jpg,34
1523c414-99c5-4907-a1c0-3c173b7d11e8.jpg,20
1567641b-0ae6-48e9-8651-de973af469cb.jpg,53
15b42d39-4b74-433d-9c2c-598321098ad5.jpg,46
15d4f2a1-bced-4e6d-81c4-0c6a0468b64b.jpg,39
15dc567a-69cf-4c87-8c5c-847222bf9c1e.jpg,32
15fa9e85-e716-4753-af71-000187949337.jpg,13
15fc07d5-32d1-4f5f-92c9-515bb49886fa.jpg,2
15fcb9ea-5860-4a48-ab6a-66309f336e70.jpg,45
16273260-b7c2-4db9-870f-1384eeafa109.jpg,0
16585cb2-c87d-4397-8d16-532c25543bcb.jpg,2
165b942e-69a0-427d-9be8-7aea7746dbad.jpg,46
16610509-2018-4172-bf51-db9a066a3784.jpg,4
167cda97-b8ce-4feb-9d9d-76a5000176b2.jpg,25
16a6152b-7b6a-405a-a3e6-1430d11a5b20.jpg,1
16c917c7-e35a-4207-ac9b-4da99ea734d1.jpg,47
16e536a1-18b2-41df-a92d-097b4ced3286.jpg,25
1715f251-3779-44f5-84e7-d5da01497d40.jpg,40
1742cc25-c604-4efa-90da-1bdccbcc274c.jpg,41
177c2bd4-52e2-4a3e-81a3-cbe2706a504b.jpg,51
1839350a-d861-4c9f-8b09-55fb2c2c8024.jpg,29
183d5be8-e033-4903-8564-158c51e3816a.jpg,24
1855c403-a97e-42ab-bc28-fd4eafd89d84.jpg,11
187d666e-6eb3-4b43-b936-a817497fbcd7.jpg,4
187e928b-86bb-47df-ab80-0ce2e61a7749.jpg,50
18945f02-702a-4f66-9561-8351b8df26e6.jpg,53
189b29b0-7feb-4d66-aeab-bc5a3e66a5fc.jpg,26
18ef29e4-53f9-44af-bbe5-524cbcbb3c40.jpg,30
191aa701-4b05-4288-9332-ebf166ac9438.jpg,0
19616e6c-e673-49c8-9cd1-cb6539ac74f6.jpg,6
19a438c0-e1f9-49f9-b27c-dbc3705bc245.jpg,3
19ade0b7-b412-421b-b15c-e26b669ffa5e.jpg,42
19b10942-7506-4d68-b65f-5ac084794127.jpg,27
19bf52a8-9707-435d-a461-234ed996cbd7.jpg,49
19d303fa-de1f-4c45-905a-03c654cf0bc1.jpg,3
19e4b00f-7fd0-400f-83d2-d21a79cf13b3.jpg,14
19f65dc5-a601-46df-b935-38b92e40f8ce.jpg,0
1a64e60a-05b3-44de-a2a7-a2aa39d26376.jpg,49
1a8a9aba-b18e-42f9-afa1-b3d15e8dff7c.jpg,52
1a8d874e-1c02-453b-b805-b95cc6cebe04.jpg,40
1aa1eeef-5d94-4a03-8d71-c0393664b68f.jpg,37
1ab5d1e8-367a-4e44-9623-1faec0048656.jpg,8
1af2b7f3-d596-4f12-8cec-cd12c90578bb.jpg,15
1af3f6e3-c396-4298-8238-f7b079ffa503.jpg,25
1b038094-a338-4223-ae34-423c658343a5.jpg,21
1b17f3d5-7fa7-4ab6-af20-37be11ac7b92.jpg,8
1babf743-f164-4c2d-99a0-a1cdb9b16d4c.jpg,23
1bdd09e5-06f5-4149-900b-6abcda47fd8a.jpg,13
1bfcdf79-e0ce-4e54-82e7-ef4c265a4864.jpg,38
1c0be89f-b396-4ccb-9cdf-5402266701dc.jpg,7
1c372fac-6797-45a4-9c49-b53d693ac42c.jpg,40
1c37ce47-4411-4498-a3b4-a883f6963bc5.jpg,9
1c3ded72-d363-4373-bc82-d2458ee520d6.jpg,25
1ca6c454-b9fb-4d87-8b44-48aae60416c1.jpg,34
1cbb7022-d8a0-4345-babf-5f5070e8780b.jpg,8
1cd04fe6-bb76-461a-b995-76131de3d11a.jpg,21
1cd1322a-21c5-4f00-ac34-91aa2129c321.jpg,4
1cd1bac0-4c6b-498b-93b2-901c51fb3c95.jpg,22
1cf129b5-c0d8-47ce-93aa-137c5f88a401.jpg,37
1cf918b3-62e8-46e5-840f-338a70d661eb.jpg,8
1cffd42d-7131-447e-867e-fa7718b66f7b.jpg,38
1d241079-edd7-439d-9712-cceb579bda25.jpg,19
1d42dde5-f503-4e3e-be25-028dc6548824.jpg,17
1d4ebfb0-79aa-4c46-8e03-37cddd2196bf.jpg,16
1d812c24-f678-477d-bfc7-65ea8d14a582.jpg,44
1d88800e-76d5-47df-8bf9-5bd2e64895c9.jpg,20
1da1fff5-4d96-4458-846d-9648f0de1bea.jpg,3
1df366a3-ac8f-4c06-a70d-4be64b137ac5.jpg,8
1e27cfe2-1c4d-43e5-8895-b0d522501d43.jpg,38
1e764b01-0813-4818-849b-aec0fb640d98.jpg,19
1e97d0ad-dc3e-45ba-9b1b-4f6e0ac26dea.jpg,32
1ecdb241-f09b-403a-b58f-a05c83336f7c.jpg,32
1edaa55c-596c-4d09-986b-1cc353fa5c57.jpg,53
1ede40bd-ef09-45b2-bac0-e4cf7002d116.jpg,44
1f06fde7-3050-45e9-961b-e2131da4d138.jpg,1
1f1b5f33-3ba8-404d-9336-2dd5edcc91b5.jpg,36
1f3af7e9-4c27-44b3-8c20-89ffe414e921.jpg,42
1f40fec5-be2a-424e-a90d-4b580d296aef.jpg,2
1f56fc8a-a097-4a6b-9093-bb13a210c963.jpg,8
1f6667a2-6628-4514-894f-77bdb05c294d.jpg,20
1f691485-3068-4f2b-bd10-9b71a5e929ef.jpg,47
1f6a9d18-5785-4591-9ad5-3a962bbab968.jpg,50
1fd54849-6801-4307-bb65-a57be34721b0.jpg,34
1fd73bf3-558f-4058-8b3a-30fa4f4a8351.jpg,45
1fead8cf-919e-4b8a-9a98-1e0306553deb.jpg,8
2022be43-986b-48be-8ebd-1524be6ebd42.jpg,24
20256a87-7d56-430d-b31c-0642ba657eca.jpg,30
202709e8-9919-4afe-8a53-60da061d2da3.jpg,8
202a044b-4b2a-4829-b7e6-5a96cabf70a8.jpg,51
202f05e1-b13e-4675-b925-316b317f8770.jpg,2
2054994d-1ee8-4126-ad0b-283975982532.jpg,32
206ec16a-3a2a-40e2-bdfd-a056ebf4a417.jpg,18
20b4e085-f420-4744-8952-c3fb0bef8c99.jpg,45
20d2a236-b276-4add-a1f4-53778d0c3bba.jpg,22
20d93319-3742-4ad6-b799-15be525f9dde.jpg,43
2105a0fd-f380-4b67-90b3-b6618dc75c5a.jpg,42
21276239-627a-4211-a591-86c50feaf5b6.jpg,45
21659fee-c24a-446d-af82-9fbc6a3873f7.jpg,31
2166155b-6480-4994-a082-f66ca80c9cb7.jpg,50
21702ccd-87d6-4a2a-af87-5851c74ca80e.jpg,17
2189d0b2-fd24-46d7-a10a-08a7d95dc53b.jpg,27
21bb5a3f-d568-47d3-bd4d-0862aa678b00.jpg,46
21c496c0-4ac9-454b-b48f-2299e14be0fa.jpg,45
21c667d3-803c-405c-ad44-9f8cf1f1a67f.jpg,30
221fb61b-0876-46bd-8edd-2fd79a05bed0.jpg,6
22345059-acfa-47b2-b839-659f7fdc08d9.jpg,13
224c1420-ad55-4140-9925-e49d4c7d2fe4.jpg,53
228a8898-8bd7-4a8b-b3d5-5b7f5114ee85.jpg,28
22bd51b0-218b-49ac-9e61-6a7c070505f2.jpg,42
22e6434b-0010-459b-9aaa-3dfd484f1e84.jpg,18
232245a0-3214-4536-90f0-982780771809.jpg,27
232f7a14-568b-4517-8d4f-16b081303c9f.jpg,15
23630221-ac0c-47a0-85db-8983f8501e27.jpg,0
23e0d5c6-807f-4b3a-9241-67004d4ea842.jpg,18
23edddec-c5c5-410b-b2aa-bcd6cbe48430.jpg,17
23f92689-91f5-4350-b555-0f1892a85d21.jpg,31
24699b28-9e96-4258-be8b-2021b43c20b1.jpg,25
246c453e-1cef-4b67-a1fc-a4d5a12798a8.jpg,37
24834e96-8395-40a3-b517-1da746571fd4.jpg,34
24a880d0-b905-49c2-8303-51f99976caaa.jpg,18
24be0456-636f-4c47-b217-f7869a679702.jpg,28
24d0a953-fbd7-4941-ba1b-4376471962ff.jpg,10
24e875ac-3ed3-40fb-95c0-2f400cfc4038.jpg,32
24eec3cc-6ebe-402d-a3b2-344940e0a46a.jpg,12
253659c2-bd6a-4fbb-bfe5-c299ece91419.jpg,18
254f716d-6775-46eb-9574-9803b3689491.jpg,16
2551eaec-13d3-4c64-ad7f-34f129c86c9a.jpg,17
2569ae0a-0faf-46dc-83d5-06cccb719fd7.jpg,18
257ec5c0-7bd1-4293-a33d-ee082ebe9cc8.jpg,46
258a19cc-c3b4-4707-982e-fd3d86dbca1c.jpg,1
2672931f-c6aa-4fc7-8710-67f6df685a5e.jpg,50
26b71c0f-5245-43ba-99ee-c399bfe46f9a.jpg,32
26b8f97a-8b09-41ce-9b21-31d1d13e0afb.jpg,13
26d8f76e-a92b-44d8-a482-40aa2f079655.jpg,28
274aaf68-85d7-4194-8ba3-483c15c81d9b.jpg,52
277e9e83-f66c-47c9-9720-be727b9c65d2.jpg,0
27b5767d-e27d-4012-8d41-9e0bc8eb6abf.jpg,37
27fb3165-444d-486e-95ba-fad66b42dcce.jpg,12
27ff5a67-a957-48d7-855c-1ffb6d53dfa2.jpg,47
287d1f36-a4f3-465b-8b9b-1193873575f4.jpg,8
287fde16-54d6-4da4-9b40-442677246c90.jpg,38
288572d3-d547-4322-990f-1544c71c9174.jpg,37
28a05142-c18f-487f-b7b7-ff773eb0cb7d.jpg,12
28dde7f1-99f4-4a0a-8051-4a1b817ad10e.jpg,9
29473ca0-58f0-4de3-8380-44eb0d98a3ef.jpg,36
295aba4c-a92f-4125-94d7-b3c33ef05d25.jpg,25
2977a5ad-7917-4f2f-b3a8-aa4fd70f23b7.jpg,11
297a0049-3ecb-49d5-914b-ea9267d8eaa4.jpg,40
29899fbf-e80a-441c-8482-52ca9ca7cdf7.jpg,6
29a18721-9328-4c80-afa5-c26409917db8.jpg,45
29e82bda-ac75-4315-b5ab-b003a735ae63.jpg,9
2a329b66-a104-4fed-9aa6-1581598b05e1.jpg,18
2a4b5523-59bb-4fef-8a8f-15300f104b3f.jpg,22
2a4cb4b9-d811-4529-ba9f-6710342577fb.jpg,17
2a60fbc7-2cfd-40a6-92c1-9c87d78349b3.jpg,45
2a62de4f-47eb-4863-bd66-f6f101aad16a.jpg,16
2a84de59-f1a2-4415-9708-2e06e23e6f0b.jpg,9
2aa0f23a-4a9f-4eb7-8e44-4f3edc0f972a.jpg,32
2ad28f78-8e38-4fb9-a660-9e1fa3f07f6b.jpg,29
2ae2475d-4e78-4c32-80d6-2b41242a592d.jpg,0
2af33f7a-f6f3-4a7d-8e5e-a695580c0d6a.jpg,43
2afdf82e-2e14-478d-b66f-6e03fa15004d.jpg,3
2b591f22-bf4f-4ed1-bac6-24de3cbbd5c1.jpg,49
2ba76ec3-3ead-4a9f-872d-225de4278e39.jpg,17
2bb3b3c3-aca6-44c6-8604-b3b21860fbb3.jpg,35
2c19c4c1-48fd-4e9a-8219-cf19d7f3835c.jpg,31
2c1dfd08-f6b8-4bb4-8d4a-a259a3334b1a.jpg,34
2c483f45-2a4b-4fbf-a154-d17a289ae9f7.jpg,6
2c4af7a7-cf3d-4392-b3e3-fb3193794cad.jpg,36
2c774e15-71fb-4b44-844f-cd1db4b04a61.jpg,23
2cc21393-b5fa-4f2d-b981-5170b7e770db.jpg,5
2ccafd15-eddb-4a50-91d7-5a75c307dc9d.jpg,45
2d01c4ab-384b-40fc-93a1-14a9832ce584.jpg,49
2d5b70b9-df45-4519-aca9-8743959950a2.jpg,22
2d5ea443-3a81-4f5b-9911-e43041e2ce1b.jpg,12
2d684805-1214-4a0d-bd6f-84e5ab8f15b6.jpg,4
2da3db9f-4b92-4bf6-8f14-b44085a3069f.jpg,47
2df0b5e9-3494-4d42-bf69-daaa4441c7b9.jpg,33
2e0bc64a-1402-4f89-ac4b-b2370a5a6850.jpg,7
2e2b3623-94b2-4de8-be7b-e330369476b1.jpg,19
2e40506c-1fc6-40a0-93a2-599f222995b8.jpg,34
2e57d9a3-bfd6-42bf-b9ab-704079fdfd70.jpg,29
2e5d1c14-19db-483c-9872-3ca4ce719884.jpg,51
2e5e59a5-ef20-489c-a51e-c2f9765b178c.jpg,23
2e670330-b8a0-4c69-95f7-eede98674dbb.jpg,44
2eb3a396-5163-4601-b51f-bfd643d1f4f4.jpg,33
2ed2b24c-ea79-43cc-bf07-ddc1b9fa7283.jpg,9
2efebe70-fe2a-402d-b75a-44444e41365f.jpg,1
2f2085dc-2d85-4b14-b160-499d3d14d27b.jpg,2
2f2ca911-6fe2-42c9-8655-4dcac704aa90.jpg,19
2f341b7d-a249-4aba-a3a3-a09be59aa242.jpg,51
2f42cbe7-1dd2-4063-bc1e-d1304831bbe2.jpg,12
2f469c45-e75c-48c4-a680-617046be6b82.jpg,1
2f5c0099-e410-4985-984a-1e864278a416.jpg,10
2f873c8e-3233-40e0-8b4e-917b3d76b0a0.jpg,22
2faf78e3-6b89-4518-8e60-b39f0fedb2fb.jpg,13
2fb94cec-a8b8-4493-9297-6de08ea0d668.jpg,19
2fbaecc3-518c-4015-a99f-d52aef219f29.jpg,5
2fcc0a42-e972-4ab3-83aa-ecd7800511df.jpg,29
2fd753cc-38fe-41ed-abc9-537ba3f72977.jpg,13
2fe41b52-6fa2-4f78-90db-35542252bdf1.jpg,19
2ff31744-64f5-43ac-a80f-f7e1a82ce5f2.jpg,1
300b3da7-c9e0-4840-9cbf-580c6c945687.jpg,16
3014dfda-e0c4-437b-8f7f-e2166e9bdd9d.jpg,2
30159e53-7863-46ae-a637-21024f25f275.jpg,29
301b821e-16e2-417e-b176-ae969fe23d63.jpg,47
301fc8b8-516c-4176-9472-3ae00b8b6320.jpg,8
3024f113-a51b-4bb7-abb2-0a3757075196.jpg,18
30b35400-07ba-49ec-807d-3e0a10d84c1b.jpg,39
30c91d3f-413a-4440-8254-9999ed36aef6.jpg,43
3104ca4d-19cf-432b-b524-7b92ce226ed8.jpg,8
31098a2a-dac6-401d-a135-b00746733f2d.jpg,29
310d444e-9981-42db-80b1-c015aa4e2078.jpg,19
318656db-b1ea-4904-b3f7-c8be0451de8d.jpg,7
318b047e-8c30-4749-996f-dec035b2f850.jpg,36
31fe6f22-1783-4528-afd3-dacb1e0dbfed.jpg,51
32590604-994e-4c47-901d-acb0a620f96e.jpg,40
327d84c5-5573-4846-81b9-27a43c3d0954.jpg,33
32cbc337-eff2-44fb-8071-999adaf60830.jpg,38
32e11ed1-78d1-4258-afb7-67d49075a018.jpg,2
331cf5ec-8fa5-4751-8c22-7731357a0ba9.jpg,4
336f11b2-d82b-4905-8005-e5f26034cea7.jpg,36
337911bd-e236-4a0d-bb79-5d31d68ab226.jpg,51
338b8a92-31c9-4ac0-9898-e87cafc9a671.jpg,45
3397cb53-564d-4ccf-892e-7c4aa33b6b5b.jpg,35
33af7f95-515d-42fc-8684-35c23b1e41d8.jpg,50
33b21ab8-6d5b-45f1-99ff-5caecd44202e.jpg,50
33d71d19-acd1-4c43-84e4-4d153e18b0e3.jpg,34
33deb65c-056c-4023-af1a-1f6c796b10e4.jpg,19
33df7c4d-c4e2-4345-be48-cd97fa78e35b.jpg,52
33f6f943-5f27-42d1-8df7-ccb2dce0d045.jpg,45
343ffda5-afe8-4323-b0c7-e9258f8042f3.jpg,20
34437cfe-bca3-4841-8c5f-1a348b98626e.jpg,3
34484729-d29f-4db5-b307-c887087eb9c4.jpg,45
34543ed7-0db6-4db6-b130-aa79e433bca7.jpg,31
347dde79-b9e1-4b71-a2be-f374aefa8b28.jpg,17
3520088b-39e0-418b-a8a4-ef6715048fef.jpg,4
3533943e-19b7-4326-b6f5-e5877d3b3216.jpg,5
358741c8-8e93-458b-9b2d-392e0a96278e.jpg,0
358e9ecd-fb5b-4273-87be-a57198bd5225.jpg,33
35c32bb4-f255-4545-9a81-05c3652c6a74.jpg,53
35d0d0e0-75a0-4094-ac29-d99140d264d0.jpg,25
35d61f9b-dcf3-47b9-8e48-a8a42854b435.jpg,33
35dfe72b-4e3a-4a68-bdc1-259cdf0d0d86.jpg,33
3607add2-b4a7-4842-9b8f-3fe181c7a966.jpg,37
360ed54b-bf03-4dfb-b032-0437b603c7aa.jpg,6
3619ad81-7877-4020-a35c-cba50beb2d13.jpg,20
362246cf-a02f-434c-ad27-f7b78e2cc677.jpg,39
364e1d52-e781-40ac-b7bc-f3808735cc5e.jpg,46
36dbc7b6-02e8-4096-990f-ca383d5d6443.jpg,5
36f1f6ab-25ad-4aa8-9856-2cfb7c42447b.jpg,42
370bce03-6ac3-461a-b853-5037f240d588.jpg,38
376dc517-36ac-4d4e-817d-467cbefe86ff.jpg,29
37ace1f0-1844-402f-b991-4eb41f740712.jpg,33
37b685e1-836f-444e-824d-13366ce19e6a.jpg,51
37d1c541-e989-4d41-9670-7ff410bf6d91.jpg,11
37dba1a3-67c1-4528-a907-6a2094cc7f09.jpg,24
37e1faa2-362c-4520-9aac-bd46fc006fee.jpg,38
37f2eae0-1507-47cd-be67-c8df396c06e6.jpg,7
37f759ec-405a-4fc2-8ca5-97ae922ac3ba.jpg,42
3816b62b-14b1-4c3e-9648-58b917b7ddda.jpg,40
3844e828-7a6e-47f7-8e2e-77e95a6241af.jpg,14
385eb77f-914a-463d-b7a3-253fe48e128f.jpg,51
386f5a48-7457-48d2-879e-9ae43de121df.jpg,3
38971d34-a5b7-4753-87b2-c9d6265e40d6.jpg,30
389bcd2d-7380-4c94-a660-0391ad4f8c11.jpg,51
38e11bca-2f84-4c30-b55c-3b1e90c08511.jpg,28
38f09049-0716-4f2c-9334-5da694793a94.jpg,38
3902623c-0c07-4468-aacb-a2641f059bf5.jpg,41
3913d8f9-9ad5-4659-b411-c9353147599b.jpg,18
39266e1b-f0d2-4068-b4e0-f82cb7087b94.jpg,41
39479d5a-276a-4c3a-bd0d-4274ad3108c6.jpg,24
39719118-e82b-44a4-bcfd-daccb5c89a70.jpg,28
39ae23c1-a235-46af-b781-dd50ddc01731.jpg,51
3a0432e5-342f-483e-b96f-0aadce4a5f4b.jpg,2
3a05bb6d-e8af-48dd-94f9-da92497816be.jpg,29
3a31dace-76ce-4042-b095-b60d4d06cb2e.jpg,8
3a4e3fef-3631-4315-a389-322f5f9f415f.jpg,20
3a5575a6-c928-4d53-87c6-2cf5cf0a36a9.jpg,50
3a71f0de-9557-4080-9a69-9bbee3005003.jpg,1
3aa4f31a-6ba8-4e6a-bc26-f840de21d764.jpg,7
3aa52f2a-b8ab-490f-b182-f08cd60971bd.jpg,26
3abd90ea-8077-4eb7-82ef-84a3032d726b.jpg,1
3ac3dcc7-02cc-43a5-a073-64d3be645be8.jpg,19
3acd49d2-ec01-4637-9fc3-587302106e89.jpg,46
3af5f09d-3dcf-4e58-9235-396a73290381.jpg,34
3b072e96-6532-49f7-b2c2-9fb5315f93bf.jpg,0
3b4423c4-a070-448f-8954-05e174525b66.jpg,45
3b57bd1d-d494-48c1-8277-2003eba369b0.jpg,45
3b68bbab-d1d4-4fae-8876-df56cbacdfe6.jpg,1
3bbe5c3a-3060-47d4-9ead-63750d46cfa2.jpg,35
3c06062f-a67a-48f8-9299-8becd3d1bfe4.jpg,7
3c3342ea-b746-46c2-9256-4ecb068b24e0.jpg,46
3c83615d-473f-488e-8015-f299c3ac11b3.jpg,34
3ca08dc3-2c6f-4fc9-aa0d-09c8c387f67f.jpg,42
3cf00b28-4538-4243-9d1a-17742256c51c.jpg,42
3d01a420-b307-425a-9a56-e9edf19074c9.jpg,30
3d2db275-8563-4a8e-a4f2-0d698eae9736.jpg,40
3d3b66c8-0297-4ae6-b4a6-2127d624e197.jpg,13
3d49183f-7281-46a4-9cf6-0a4504011415.jpg,32
3d5ac606-c99c-4264-a475-09c059c3eee0.jpg,43
3d693710-9d6b-43fc-b341-94b745640d40.jpg,5
3d85536e-0bf4-4fc2-ae5a-e343aaa2bcfd.jpg,16
3db5e200-b2d1-4dbd-81d8-fd3f20ad2641.jpg,26
3dec3bdc-60ee-477a-88d2-36aef205a0e6.jpg,51
3dfe0b91-b80e-415a-a477-745cb5f0a1cf.jpg,37
3e32b488-a2fe-424e-8326-0a26199751d7.jpg,34
3e4b1878-af2a-4e9d-9ca5-d7c1c0b1d1ad.jpg,45
3e74846b-0f82-4a50-90ef-c53b76eda9d3.jpg,38
3e80f9d5-f20e-4813-b0bd-e4263d1868c9.jpg,43
3ea5b637-b628-4a67-9ee9-303bbbd0b03d.jpg,47
3eb3c778-8c90-42b6-8b1e-05f77dd5b6d5.jpg,53
3eccb63d-829d-465b-a792-be717aa79b74.jpg,19
3f29cf9d-48aa-43bc-bc37-8cece23ed57a.jpg,42
3f2eb7ba-81ce-4aa3-8d38-f378166a711b.jpg,51
3f3f0687-0c45-40d4-9f89-d036df52d6bf.jpg,15
3f57d14f-ea2a-40aa-8409-e5e3fb8c2f54.jpg,8
3f63fc9a-4ad9-42af-9f5f-15576bba2dcd.jpg,26
3f7106af-2191-48b0-8f38-80e99aed9ed1.jpg,16
3fe4e56b-6da2-4fef-8299-7d9a75633d0a.jpg,42
4021f0a0-110f-4ab9-b704-e22bffe9bc24.jpg,12
406a06cc-f381-48ca-bd0f-d88c852e1512.jpg,38
40941b29-4334-487c-8929-74edbddecd3d.jpg,29
40a19c08-746f-48c9-8f3c-32bd60a8fc7b.jpg,36
416fa30d-34fd-4567-bd34-50cbc9df6c8a.jpg,6
41bbdf74-3555-43c1-bfda-38d29f7e48a2.jpg,23
41bf0ba3-00d4-4126-93e9-9998bf2db85c.jpg,17
41c86568-9c5e-4b6b-a04d-328cda409341.jpg,14
41d2b83c-8f1a-4f98-bee1-af66877543da.jpg,39
41d58870-9ac0-4648-901a-11f71c144454.jpg,51
41e917ee-7adc-4601-93ea-751d664fe4b9.jpg,35
41f642fc-8cca-4523-933a-b48201a139b3.jpg,52
42219cfb-fb09-47f3-b891-bb99e0143060.jpg,12
42391218-e82f-4b2d-9385-ff891be9fa55.jpg,29
423ec363-336d-46e1-a1b2-67b81bdbeca6.jpg,18
42448793-8031-4bc9-ab4e-38bd3df1c115.jpg,45
42520d9e-c0ce-4d84-8bec-575258e21dc0.jpg,29
42676f96-abb1-4e93-9de3-d6ca8f240e01.jpg,44
42758b14-a99b-4798-88be-ff08b6c2cb0f.jpg,28
429289c2-6f0e-47c7-99ed-0c20bb6b29e8.jpg,35
42ab7138-3092-4de2-aa0a-346acf0c614d.jpg,53
42afebe9-b1d0-481f-a4ab-9ce5429af237.jpg,6
42b9ac44-8a6a-4db5-b3e6-c858015f003b.jpg,53
42c3914a-91d7-420c-81ba-9a91776fd1ab.jpg,9
42c41694-8ff1-4b3a-9452-fe11baf51efc.jpg,44
42e3e261-2378-4de9-b819-d33b48acc24d.jpg,23
42f1606e-9242-49d8-9f05-b614fb408897.jpg,27
430bb6a6-f1d1-418f-ac66-f5835bbd7b13.jpg,30
4349beea-bfb9-4e26-855d-50b807cb82ee.jpg,47
434a49b4-4de6-4ab0-bf25-d1b588bf9012.jpg,35
4370249d-5e66-4699-8de2-257cadd90808.jpg,31
4372571d-26f0-4b9c-ae4b-dda76aa751ad.jpg,12
43aeb784-d91e-45b2-9ece-727f886ca55c.jpg,25
43d3f30b-15e5-42d9-abd6-7e7aab42dfc8.jpg,38
4412b02d-c9de-497f-9fbb-b0bd6758e263.jpg,11
442e49e9-8472-4330-9c60-4857eddba293.jpg,34
4430fe6c-8dcc-47c5-bec0-8e6fb336c564.jpg,53
444a5276-809e-4774-9ebf-dd498ba2bc26.jpg,3
4486bab3-a570-4088-b8e6-7d704c6a0aec.jpg,45
44960cb6-e8f6-422c-a750-14ba7e76a124.jpg,35
44bccc17-5d7d-46a0-b2c7-0e01d47a3c78.jpg,40
44c4ea25-de0f-45b5-a3ba-8392c18878a9.jpg,39
44d0112c-9158-41f9-a362-483716f75927.jpg,35
44dc0037-2dde-48af-ad6d-2e35feab7735.jpg,12
44e0a200-9a03-41d4-b499-f2f7e1a6f693.jpg,26
453c813f-513f-4394-babb-b0e4d462baf8.jpg,18
459b2306-8d38-4301-8f5b-126c4fabedf9.jpg,53
45a4f6d9-aabe-47e5-9906-3055a963b973.jpg,52
45ed7a10-0770-44be-9428-81f890addfeb.jpg,3
46564f92-2aa8-44a6-a6ea-dff64f9a6318.jpg,46
46a04a43-6678-4caa-b5bf-f3b93c6a8796.jpg,24
46be73a9-2ea5-455e-8412-2d2d9e64e86f.jpg,34
46fc4a34-9fef-42a6-a229-c8d35d52d909.jpg,47
470a24b0-fba3-44c1-b49b-977cbaa21cb3.jpg,22
4741d424-f8b5-4388-ba1e-471b74539d38.jpg,47
4764bc81-3d54-4ae3-adab-2cee602731f2.jpg,44
47dc035d-a75b-4cf9-a49c-97393e8e745f.jpg,24
47fcddf8-33bf-4b80-9668-721e2bcace50.jpg,11
4806b3dc-c689-412f-b464-98dce05c5bb1.jpg,37
480735dd-2743-424c-8c11-61d2fc27d001.jpg,23
481be527-991a-4e73-9bba-13abc5e9a580.jpg,34
488c31b3-ab4b-422b-883b-aa64e565d3a3.jpg,44
489919f7-ca23-4ceb-9e59-da1b30fb2f94.jpg,5
490df46a-dd61-4935-8d56-c0c0e7011a29.jpg,28
494e2f6f-f949-4c83-87c2-b74ca0914c22.jpg,3
496bf6c3-37fe-4840-8552-df4f30cb15be.jpg,44
49b008c2-be5a-44e1-bed2-2b8eb9795969.jpg,39
49b3e9ba-3286-42a9-be1c-85687b7e2c81.jpg,34
49e20942-78de-422e-94fc-f1634e06dde7.jpg,20
4a56c2c3-cab2-4684-9328-d6075f82ef92.jpg,52
4a5b8047-32ed-4a1b-802c-472ed3c60b95.jpg,45
4aa1976a-a8a7-4a7d-b4a2-ec4ee2ed41a5.jpg,5
4aad0c04-6064-42f5-a215-d264dbb9377b.jpg,53
4aadc734-720d-4795-bdab-6901f2a246fd.jpg,35
4abee351-68c3-4bec-90b7-c3cfcf129eaa.jpg,9
4ac89c0f-2340-4f17-b291-21b165a9c76a.jpg,50
4b152887-5737-4475-af8e-1d0b9984b7fc.jpg,4
4b227b38-9071-450b-9fb4-19715a534d17.jpg,25
4b6c6c13-dd20-40fe-b42a-03e5a4a48774.jpg,20
4b6d7d5c-dcc7-47c7-96a3-1d2ed8d6395a.jpg,48
4b7fafa0-33b1-477d-949f-416ce56d30d2.jpg,8
4b81ef8f-2d84-4be4-82ad-952b6a23e8a3.jpg,48
4bea81c6-1f78-4f51-9b69-723a4f2ac32d.jpg,11
4ca5c06c-45bb-419f-b7b3-1ccdcf3ab0a9.jpg,18
4ca765b7-0908-4046-ab02-daca2347c58f.jpg,23
4cf46c01-bd36-46f8-b87e-d25d79327010.jpg,0
4d14fd59-fbb5-4e63-a4ba-e3878206fc09.jpg,41
4d4cb24c-96b2-4410-afd9-75978dc6fae7.jpg,30
4d5e2bdc-3461-424f-9e90-74c57e132e5c.jpg,45
4d5e6772-c57a-4a15-9e42-3414fb9f63bd.jpg,2
4d5e8d7a-19c5-4619-a816-7ea61604c0b1.jpg,12
4d7f39bd-0f9e-4a69-a534-2701cef8ecfe.jpg,47
4d933fdf-8bf5-453d-b231-037fd0e57500.jpg,41
4dafd4cd-a933-4036-ac14-a2117431bb74.jpg,29
4db306e8-9bed-41f8-842e-6647043db872.jpg,6
4de08ea8-5a53-4491-865b-13c1904091f2.jpg,15
4de0f27a-b0ff-4233-8ca5-b245c679cbeb.jpg,20
4df9c676-efef-4236-b81f-2d9732fdbf81.jpg,3
4e11081c-a6c3-4f94-bd8d-3515b2663ee4.jpg,13
4e7532a1-be75-45ba-b7b5-6470fc603c45.jpg,38
4e977e3f-9338-428f-914c-6d121df266c8.jpg,2
4e9c28b0-c318-4643-8e8b-0125f35b976a.jpg,27
4eae921a-8f6a-4bae-8a66-ec391937cc27.jpg,52
4f20346f-852f-4cbd-960d-7388b5adf13e.jpg,34
4f33ad5f-c232-4d46-ac89-3a79999ff987.jpg,26
4f48f7e3-52d7-4aac-bf4d-e7ec9bf8280a.jpg,18
4feab0b0-1ff8-4337-932f-083915ad9cb8.jpg,18
5026f8f7-f360-4557-b75d-157bc92a36fa.jpg,14
502a616b-643f-478c-b3bf-bb8e4a5d6e21.jpg,13
506e52b1-0b12-4339-a1a6-5c3718fe8e4d.jpg,37
508ce458-da0b-4e5c-9bc1-8c777aa1682e.jpg,34
50911c23-44f5-4db3-8b73-7b325a14e164.jpg,9
509ac869-0a58-4303-9cd2-368f82e7cd41.jpg,39
50ec7c3e-a15b-47d7-b00b-8f3a3b5ceea4.jpg,45
51004500-8301-4e84-8d75-f0ec8ec88ab2.jpg,24
510c9839-90cf-4250-8633-ada868aaf467.jpg,47
512f1b8a-f041-4dda-bd79-d0cfc2bbc638.jpg,29
513957ae-90c9-468e-9f8d-a4025d9cf6b9.jpg,16
5198b279-f156-49a1-91b2-a1f4fe07afef.jpg,36
51a9097b-131c-43a6-93a5-074bd671f141.jpg,4
51c3b0b3-c6b1-4a1d-8193-bef7db30f187.jpg,34
529d4e39-ed8b-4af5-a79b-11e88a79eb0a.jpg,19
52c537a4-98f8-4fd7-9371-1851b6d8e8b0.jpg,8
52d1e0db-b8aa-49db-ab1a-916ea56187f7.jpg,37
5319cdb6-9975-4672-a544-281dc239eb99.jpg,40
532136ca-92a4-47ef-9ab3-2aa1c3a2e7f3.jpg,41
5337366e-445e-4512-8b60-074ec82ef09b.jpg,37
5357f5e4-9d68-493d-aa27-6d59908c1182.jpg,45
53cec1ed-d8c8-4b05-b134-c9c0b71660f1.jpg,12
53dfedf2-483a-4479-a5d0-75664bcc5baa.jpg,29
53edbfec-6a45-4dc2-959a-eb0aa5c44b11.jpg,13
5406f778-d99a-40cc-830c-805f324ac000.jpg,15
54206c55-b0e8-44d1-8781-cc731c33936b.jpg,22
5470d4b2-d565-428c-b7a4-0e4c0a60a893.jpg,48
547dd387-fe3a-4a4f-9e2d-19a3df08c90e.jpg,24
549ad136-b9fc-4522-8efa-9f3131bdd630.jpg,27
54b4b1ff-e904-4a61-be1d-4c955bac3f28.jpg,30
553cae1f-7317-40ee-9f34-51133b885044.jpg,33
5561f62e-cf4a-4ed0-a742-30330c9f3ee6.jpg,10
55887131-a4a2-4fa3-afdf-87b0934e219b.jpg,52
55a6ecb6-85b4-402d-a617-34a0085f052c.jpg,1
55e217c0-a0c4-4f7f-b7b2-070b989b82f1.jpg,18
5659af14-9e16-4add-a019-e61e9afc50cd.jpg,23
567bfad2-0d02-49eb-93a9-8681fd493138.jpg,33
56f1e2d6-1812-4e68-9d1a-f986eb187cfc.jpg,34
571c94e6-f640-4785-941f-d7a32d1319e3.jpg,46
5773c240-a754-4a6c-98c6-0b18ccd160f3.jpg,5
57811da5-212f-45e9-a6a4-e25ed253fb6b.jpg,42
57ab536f-1d8b-4bba-bd24-a39d52fbfc6e.jpg,27
581b5310-c407-4fe3-96a7-3f7ccbb5ee2f.jpg,25
583d2825-8751-4bc3-8923-f98edd516781.jpg,13
584257e4-8eec-4415-ad03-2492c1b3a404.jpg,10
58671a39-3e9e-479f-8f08-250298b5f075.jpg,17
58a44e2e-8eec-45af-811a-d093c8374398.jpg,46
58b6d54a-7aa9-4aed-98c8-48b46f6516f4.jpg,7
58cb5dc1-efaf-4c0b-b94a-c6177c4caf17.jpg,19
58e4f814-d959-415e-98ca-a567331b4da6.jpg,31
590c9ad2-8c49-4ee4-8fc7-0f32b636ce26.jpg,32
594d9a78-b1c5-4a6b-8484-0950efced52e.jpg,0
596d845f-dedb-443e-b375-913e990eed00.jpg,47
598be0af-ca19-488b-9b67-ce1d691017d7.jpg,27
59fc1b00-b385-43d3-bb03-b13368b4b928.jpg,26
5a26782a-1ff9-4c00-b415-f62731f05f3a.jpg,39
5aa4b52f-3669-4ac7-9431-fa36f57d2a2a.jpg,25
5aab3a7b-633b-4c22-9e68-95bdc0c03baf.jpg,8
5ab48918-8ef2-4faa-87a0-6bf8677a00cc.jpg,20
5ab74270-9456-407c-8b58-ac33a7faecae.jpg,48
5ac7cd2a-d2ab-4736-82c8-88b2bf3e52a0.jpg,51
5ad5e788-4b21-4d6b-933f-b105b4bacce3.jpg,6
5af27c8b-0d95-4d6a-ade0-cce1927d3235.jpg,23
5b366c62-d969-469b-a58e-a9b44c086aef.jpg,41
5b419803-2384-48aa-a4d6-3a66bab108f1.jpg,1
5b51f2f3-5740-4d2f-a462-a9c6f29454a3.jpg,29
5b5d7c32-ba44-47a5-992c-54017f6e726a.jpg,30
5b680871-12db-46f0-b6dc-5a8f9c5b8a13.jpg,11
5b80f2ca-37ce-4399-92b5-3f56bca1530f.jpg,51
5b8b9cbc-68b5-4049-96af-5d4027a32df9.jpg,33
5b960b51-3c35-4261-afc4-fa94e44666c8.jpg,25
5b971879-1952-4d1f-b715-33af60f33781.jpg,24
5be5d032-de2d-4094-b00e-ed62510b0be9.jpg,50
5be5e16c-04ec-428a-b736-d9aa2e24f3bb.jpg,29
5c17ef1c-6b2e-4a90-97cd-cdf528b99729.jpg,4
5c2be2d1-ad51-491b-ba8d-eeb02795163c.jpg,53
5c3d61b2-2b09-4044-b4ba-d1f545eae1eb.jpg,45
5c5c1869-fd93-4e6f-a446-3ca2b2d8136d.jpg,44
5c7149b3-0239-4a08-8cdd-400b7dfb69c3.jpg,20
5cc0bf9a-d65f-4498-aadd-ab4cf0aa0fcf.jpg,46
5d23cc38-96f3-4c98-ad2b-950360bbf291.jpg,28
5d4e1a07-d82a-4939-a62a-939e19b4bb51.jpg,15
5d5b58c2-6e15-4825-8e63-ea3a96c79f92.jpg,38
5dddc238-e26c-4b3e-94e7-997dc4b495a8.jpg,45
5de2d483-bfd4-4116-95aa-eaf7e34d2f26.jpg,21
5dee19a7-86bf-4474-b29f-1dec3d810545.jpg,45
5e253260-7750-40e8-a22d-0e0035b41ac3.jpg,1
5edb11db-3b22-4919-a7e7-01b905560157.jpg,43
5edbd5b7-b340-49bd-a82a-a2893ac3c8a2.jpg,53
5ee4c9e2-dd7e-41ad-a908-1740e3cb1ea1.jpg,44
5efa92ad-bb3d-4b3e-8da8-523b2da431ae.jpg,16
5f1da51b-f45c-48b5-bd69-fde9581a56c0.jpg,13
5f1dc7f2-765d-493d-8dd9-adadbac94f0e.jpg,7
5f82513d-eb52-431b-8f02-f02007809617.jpg,7
5faab815-8f99-4657-9d05-c624e9de7bcd.jpg,43
5fae77cf-5ffc-45dd-a790-1fb6b8c4f0c5.jpg,42
5fdfdca3-5abe-49c5-b39c-412fdf48a11f.jpg,8
5fea8043-c7fa-43f9-98d7-1f92cee1fbad.jpg,37
60149711-b8b3-4083-94b5-54645f616561.jpg,31
603030cb-d7dd-46dd-8571-a577c2afa9c4.jpg,19
6036278a-2acf-4469-822e-f3120db8ca82.jpg,6
605c3680-8f74-4fa9-a648-db4ece020534.jpg,12
60a28765-dfa8-4a62-b691-c9bf0814f40d.jpg,39
60d50b22-f269-4e95-b4a8-0e48a476ca42.jpg,8
60f937b8-667e-4789-b843-8c10086ff9b4.jpg,6
60fdfddb-ba4e-4bf6-8299-94e4b4134954.jpg,43
61123b4f-249e-4325-aa7b-4802e1e77790.jpg,49
61126400-8ada-4cb2-b65f-6b0cdc318339.jpg,8
611e2553-ceaa-46ef-a08a-e8f4336a4bee.jpg,9
616b7ec6-d163-483b-9cd2-202a9326b819.jpg,36
616e22d8-8f29-4515-9c50-3fd09c905e8e.jpg,43
6170aae7-d7be-4ea2-90d7-d6c08772491d.jpg,48
6175e915-97bb-4374-abcb-b26e4c29c00a.jpg,6
61770b45-12e4-4a8f-9b7e-126b3c7c723d.jpg,8
6187e3c3-6d61-40c1-8517-ea8c75064765.jpg,53
61a43814-ba6e-4196-8753-f1f47acc721e.jpg,8
61d4e25f-2e19-49d3-8b04-ffb1ab9b0e24.jpg,49
61fb30d1-7728-47fd-baa3-0e45ead1a27e.jpg,45
620b10be-7337-49de-aaa3-100b87b61bb5.jpg,8
6248b78a-9536-48a8-9731-5f7aa032c4e7.jpg,47
624ed627-af11-4e78-a105-b6b99b12d820.jpg,23
625cd24c-f5d7-4d2f-94b2-5454327b386c.jpg,24
6261ed03-c41c-4888-935a-80f4f4ef3218.jpg,34
6270aaf6-02fe-49f0-9871-497e73a7d285.jpg,8
62c686aa-80af-4675-a8d3-c5b0b53289f9.jpg,47
62d559df-2547-4ebd-aabd-b3df7038b034.jpg,53
62f4333f-2629-4f6f-9115-11ec36d17000.jpg,9
63183955-755d-4c0d-a40c-bf8b090c88c9.jpg,27
633398d3-cef3-4d44-b060-01317a59ead7.jpg,29
633b62cf-d08a-4b78-b5a9-4d464ecd54ae.jpg,19
634177cd-5627-4c3e-89e5-b51b248cb43a.jpg,45
63587e17-577f-4ad1-bcbf-135b4c66041c.jpg,46
63698cf1-f99d-46a3-bdda-d1832d6455f9.jpg,33
63707442-db90-4769-8781-ebfb7192b048.jpg,50
63939ef0-444c-4383-a742-af7560b5f9e9.jpg,14
63b1acbc-c038-4763-af0b-d908cfd6d7ce.jpg,1
63c38ae3-afd7-4dd5-b284-a4bb21720c2d.jpg,12
63f40187-5db5-4d7b-9160-02b618563a64.jpg,34
6402ef40-e189-4609-999d-a1afc01001a0.jpg,24
641056da-6705-451f-9944-e21afd9cfca7.jpg,39
641e031d-fed8-47be-8400-208394053837.jpg,39
641e06bc-925e-4c6c-8a8f-3fe30e17969a.jpg,23
642c9085-8723-4e4a-97bd-ead81d626e04.jpg,49
64447d86-1859-4c8e-90a7-b3b31228a167.jpg,13
646182c1-fea8-4cef-8bca-b124a11f76b9.jpg,12
64781334-07aa-4e9b-b47f-f68526608029.jpg,33
647ab4a4-72cf-41a8-9cdb-246ec61dd618.jpg,7
64e88443-37dc-4194-9563-b84a66d56e3e.jpg,4
6567c7d6-7c17-45e5-870f-05903e1aa10a.jpg,13
659ad0b8-c0ce-4c81-8b7b-9e462343694d.jpg,17
65a3ee30-2b78-4edd-bc5b-a8daae1fa8c1.jpg,46
65c61052-65d1-44df-92f7-d4eb44ef8b21.jpg,39
65f1bd36-888a-40ed-b560-9e20899ba0d6.jpg,53
661565e9-135c-490c-909a-52f8badb596c.jpg,5
6660c7b6-2080-4595-b79d-f80bf61f59e4.jpg,12
666ce2c9-485c-4b9d-8c1a-52cb870ef0c3.jpg,45
66bf17d1-2358-46f6-9c38-2974a0d84eea.jpg,34
66ce88a9-09c2-489f-83a5-2a6c50933306.jpg,5
66d63f55-fe2a-45cf-80a1-e6b66efb207d.jpg,44
66f1e9d3-012f-4b81-87a5-5ebdcf7f7ae4.jpg,36
6726457a-0b04-4934-89a1-96c52bb9bd1e.jpg,37
6727a2ca-0462-4041-9f32-a1a60ca9460d.jpg,25
672c3905-64cf-4746-9040-2bd1b6f581bc.jpg,12
673738d1-d1c7-4c7f-91f2-16b3d5a45f7b.jpg,35
676f1604-b902-42af-b66f-d3351653e1f1.jpg,21
67a9842b-6434-4ebf-b499-ae62b70cf00b.jpg,33
67c212f0-61da-4ac4-90b5-2a0981f1e4e8.jpg,24
67f71049-c8c3-4f8a-85dd-6a36926106f8.jpg,46
68001314-b882-46cd-ae30-62c6e9b96c91.jpg,38
6835df60-0ee0-45e8-ad21-9fb0167beee1.jpg,5
6843488d-37bd-4fcc-ab8d-d8fd50d99818.jpg,27
68435ba2-9fee-4ff1-a475-f522d98d1a4e.jpg,52
687d158b-6efb-4041-800d-2984bb1bc0e8.jpg,49
68800c22-7ba6-48e7-827f-bd4fb4cd7483.jpg,19
688ba067-a555-4db9-9f7a-7ecb5e68f598.jpg,35
69a5e03f-5c96-4f36-87c9-dc242a344ac8.jpg,41
69c558dc-fee6-43dd-8a52-e01e99dc0e1c.jpg,39
6a1ef913-15b9-4932-b3fe-49e43e1516cb.jpg,30
6a43d8e0-20bb-4e3b-90c8-985c4f068286.jpg,41
6a6648ba-4310-470f-92eb-f7d00cf5729b.jpg,30
6a7fd2e2-1ff7-49ef-b16f-9337b1d7b9f3.jpg,44
6a9a3b46-36c9-47ea-8138-867ddf111962.jpg,5
6aa0cc92-8378-4e35-b137-f2709ced8056.jpg,36
6af4cfe1-d5d4-4afe-8bc7-3bca15ce8580.jpg,35
6b1f16f4-15b2-436a-9ce2-bb665abc63a4.jpg,18
6b487dfb-3998-41e6-8a27-9208e2a5dab4.jpg,19
6ba588c9-696a-4133-9853-a1b9bfab798c.jpg,30
6bae5648-77c8-436a-a796-79902ad412e0.jpg,38
6bcd8d1c-03be-4b81-9ee6-92a0685a6f0d.jpg,18
6c0775c3-200a-4b02-8e3a-78ad26778373.jpg,52
6c1a0bce-12de-4a86-99fa-c7ce48182c30.jpg,36
6c2bc65a-e5ec-4835-8954-3e394f41beea.jpg,16
6c922d63-94d5-473d-af2e-9f93d9259ba9.jpg,36
6c9c2f11-d550-47aa-b545-ca372856b73c.jpg,52
6c9d2a25-6b32-48c3-8e2f-ac83c68fb76c.jpg,35
6ca86742-c8d7-46ca-8afd-b96f0155cef6.jpg,11
6cac739e-ea42-4e3b-a309-6e5094f9c3ed.jpg,41
6cd43281-bb38-4b61-b338-61f1e8f6b69e.jpg,12
6ceaca85-516e-41c5-9db1-03a9cd82812f.jpg,49
6d24a5cb-a3a3-449d-97c7-bb4dd2ef2f8a.jpg,46
6d4e7b4b-1cd2-45b9-9235-11acaa555565.jpg,43
6d8d319c-2194-4d8b-a4a7-f613271eedb2.jpg,51
6d91289c-bfac-4773-bfd6-d06889f65017.jpg,15
6d9e9b4f-01da-433a-8f75-d78ac5a61c9c.jpg,16
6db29f71-8c41-450a-aa6f-faaaa8d4acbe.jpg,9
6de43fb3-19d1-4e40-bdbb-273ff42ca200.jpg,26
6e2accf7-836c-47f7-a454-e58520ab892d.jpg,28
6e6386e1-27bb-412b-8154-e69adc9e35f1.jpg,51
6e7c34f8-a02f-40d6-89e3-553b124f97f2.jpg,10
6eb4cdff-598e-4612-a581-69eb62caf603.jpg,11
6ec63ee0-f518-4710-801b-c63be75e5506.jpg,50
6f10735b-a636-4651-884d-e52f7c69133f.jpg,38
6f155354-8165-411f-8b0e-d57a10bda588.jpg,8
6f25c260-03c9-47e3-9b68-a5f154e42900.jpg,53
6f3dfcb4-5f40-4c4c-93ce-0b7dba5d1beb.jpg,34
6f504f64-b50d-4170-a9a0-927a2186082b.jpg,23
6f7da234-d461-41e0-904a-ffc7e7f66720.jpg,7
6f8b57e2-2a78-46ee-95e1-e17400841c31.jpg,20
6f953525-6824-4def-9e9b-3941941fe773.jpg,10
6fe1b92f-ee36-4fb2-a00e-035f720f4a53.jpg,37
6fe7c6d7-20b2-4b74-8f44-bb514253c122.jpg,7
6ff90672-3887-49f9-9ba9-b07b4dfa0e05.jpg,35
70261a5d-2c29-4983-8026-748bcb3d721d.jpg,24
7042c1a1-5b41-40f7-8d68-f132af7e6715.jpg,37
7044229e-f264-4017-bc86-aa236044b37f.jpg,35
70832b76-180b-4f90-bdfd-b0cc1bf5bf7f.jpg,12
709cf7a8-7698-40ab-8490-c7f3a91c9329.jpg,44
70a71873-ae50-46aa-b0b5-bc20047786a4.jpg,44
70b157c1-c454-4c6d-a182-8f5f5ae0dcc6.jpg,51
70ce55ba-08c0-4c7b-9a83-774876ca075f.jpg,51
70f43c71-ca4a-47d6-8527-20e0f68cd237.jpg,52
7125a6bf-2456-444e-a914-e12678bee800.jpg,20
715424a6-daa7-46b3-879d-1bbf929d316f.jpg,51
717ded00-bd32-40d6-9308-aaa5737b815c.jpg,1
7181f005-078f-49f2-b799-39a28fc5100b.jpg,51
7183608a-19cb-4346-868b-c2fba1c57248.jpg,39
71d0bda0-65c4-48b8-a9aa-58c14779fdc5.jpg,44
71d48709-97a7-46fe-ad02-8742e7fb32e7.jpg,18
71e90af3-14bb-43fb-a937-45764a90e44e.jpg,38
71f4d98d-800e-4bbe-9581-7984c6ff63a8.jpg,51
723aab27-3241-4fd8-818e-a26e10cd200f.jpg,1
727da8b8-d9d9-416e-82c9-673307bff1d7.jpg,28
72ab7957-e381-4287-ba13-0f0cbde0f50d.jpg,5
72cc1e75-7884-409d-96e7-cb1efada8e98.jpg,13
72e5bf8d-a0fa-41cd-8927-9dc96440411a.jpg,26
7302874f-0f84-4186-a761-b4415c4689ff.jpg,40
7329fc81-ca3d-4c14-aaaa-f20ea514f666.jpg,43
73385709-2fb3-49d7-a31c-8e91d7cd88c1.jpg,30
733c2b1a-99ab-445a-abed-c232919333de.jpg,53
733ff836-7ff8-4360-8c59-2089295a2a26.jpg,38
7367416f-be9f-44f2-8cc4-947a88a6f56c.jpg,0
7382b926-2b5b-4cff-a121-bab794206bab.jpg,53
73b5568a-4ee0-4256-b9b4-3723633ded4e.jpg,45
73d31583-05c4-4fe0-8a49-113c17b87c1d.jpg,27
73f06f5e-d317-46a6-a545-7f8b408b893c.jpg,12
73f46b7c-c17c-4882-be5e-dfb1a97ec411.jpg,11
7404e7ef-2e60-475f-ab38-8880962dd779.jpg,35
7423d49e-cc76-4efe-a890-997491e89711.jpg,7
7427f752-5169-48a3-97fa-f991bba80480.jpg,3
743506f3-b75f-4b8f-a2e8-058d7182d4fa.jpg,8
7435af39-fd67-4ce1-8b03-ca3986240b3f.jpg,35
744f94f6-c92d-46df-8cf7-68a9f545d5b4.jpg,37
7466675f-c809-40a2-b817-f39d40d515d2.jpg,4
747808d9-c61b-407a-b40c-ddcb7e722363.jpg,17
749029b9-4650-4173-9150-f080df25ae0b.jpg,14
74ab5d8d-b562-497c-aaee-7f95640faad4.jpg,23
75114d68-cd2c-4706-91ed-889e9a6a8097.jpg,33
75363d03-ffac-4d02-8594-8fd41fb4ca66.jpg,12
7576e54a-35e3-42a0-b9b2-15b604354d63.jpg,36
75813255-2838-466a-ab9a-347d8a29b2de.jpg,8
7589d90e-2c9d-4daa-8bb2-bf9724c8cacf.jpg,50
75987383-43fc-404a-9491-3c3880153fbf.jpg,22
75a45479-c1c6-4e02-9653-63f491fceeed.jpg,41
75adea4d-4a4c-4113-a962-fa86852f7bb7.jpg,31
75e021d7-c482-41eb-9438-f7ffe148586e.jpg,39
75fd7bac-ff3d-49d2-9810-16374a811c3a.jpg,18
7609348f-c19c-4b61-8f72-9a1f3a368e59.jpg,29
76588cb0-9e16-404e-9bab-9c4684455bd0.jpg,33
767eb8fe-ede9-4ba7-8237-31a5c0c18d4f.jpg,47
7698ffd4-ae30-448f-83f5-1add918ff23a.jpg,39
76d7c846-f668-4a64-826d-dff54dade4af.jpg,10
76e6f8cf-757e-46f3-a47e-6a928268ec50.jpg,37
76e8dfdd-b14f-4d13-a5dd-67a28935721c.jpg,39
76e9f689-991c-4ec0-83b0-6240c71e87f8.jpg,47
76ec25a6-1600-4fe1-a597-caefc7ffc6be.jpg,15
76fff1f5-11af-487c-841f-00b427eddd24.jpg,14
771eee68-6d62-490e-98ce-1f1b2a6ba95f.jpg,8
77d12cbd-f651-4f89-80de-0ec727d57262.jpg,22
77e4d830-928f-4482-860c-fb1e4b48d421.jpg,39
780877fc-51d3-45a1-89cc-77abbdfc08f2.jpg,30
781f447d-3df0-40c8-a9e7-7a5c159145d0.jpg,15
7823cb92-9f4a-4792-9d6d-bfd640bdf810.jpg,17
785a4e3c-9cd4-45a2-b45c-89a493902760.jpg,14
78686ae3-65d6-4a6c-ba04-9a0cf09eb3de.jpg,37
7869f7d1-380a-4222-9716-0218da329ed5.jpg,27
787fffb2-7170-4a7a-be51-184de6265952.jpg,49
789341aa-1200-414b-a290-c926b8cb29d6.jpg,22
78cf6bf4-b77a-4a12-aaff-d5e4b961dc65.jpg,2
7916b06c-8dac-4900-a457-553aec01e011.jpg,30
791bca51-4975-4334-a093-14f1986211b8.jpg,42
7939a78a-7d03-4669-867c-acaadff7affd.jpg,36
7973b094-c6bb-4111-a6b4-aac153c649e9.jpg,34
7982a648-abab-49e5-ae5d-1de7a2ef6745.jpg,4
798d7aaa-9ae2-4259-bec7-40cfbd4b1026.jpg,36
799b1b18-9e7d-4dd2-b6fd-52c544bfadb9.jpg,43
79f9af05-2f20-4ee2-b2d5-800852f49986.jpg,49
7a290411-74bb-4f0b-9bf5-20833a673547.jpg,35
7a2ebac7-59d2-4e84-b6b7-8f60efab5689.jpg,38
7a333aab-0d39-4b74-8f17-324d218667de.jpg,10
7a66445a-8522-483f-867a-cb4d100a4470.jpg,42
7a85795d-bf62-4262-9826-e9d3f2294233.jpg,44
7a89fb02-734f-4e4b-b1aa-04f6a5b0436c.jpg,35
7aa25706-db66-46fd-99ce-dd92a94023b9.jpg,20
7aad0e10-96f3-4f44-9a20-e7e30d930a58.jpg,24
7b2b98d8-0fa8-4aae-9b52-e950a2dc41c4.jpg,12
7b3eae2b-a901-4eb6-a44e-ae7f330fbb40.jpg,35
7b47aeac-f0d4-4b3e-95a5-3f44deecb776.jpg,1
7b5c4ad1-9091-4eea-b243-f4c9155790bf.jpg,18
7b647931-d477-4251-a507-3ac52f69d62d.jpg,47
7b703da4-64a0-4e00-9eca-b729665f24a1.jpg,35
7bea2007-f118-4e8b-adae-e780467b116d.jpg,25
7c08d451-13aa-4cd0-b7a4-d2a04b635d5e.jpg,23
7c22cce6-606c-4af9-baa3-b847bcd4139d.jpg,38
7c6617f5-d357-4a99-999e-04a9c929cbf7.jpg,0
7c84a132-ebaa-4a46-bd6b-24fc99575ab7.jpg,32
7ca4a13f-51b3-4fd5-8c26-7f4a8d335705.jpg,51
7ccd0c10-cb7c-4128-9394-52a074962eb9.jpg,37
7cd30bac-a427-48c8-9a36-1808e450661b.jpg,21
7cf2616d-5e90-4003-bb42-65665b6c3dd0.jpg,33
7cfc3b70-7aa6-456c-b64b-edd408268219.jpg,38
7d055d51-7a24-4d4f-8213-36f282ba2e0c.jpg,20
7d38831e-bc4e-443f-8c9c-15cdc8bba2dd.jpg,15
7d5e791a-9cf9-4a7f-b0f9-fc1f102fed7d.jpg,43
7d9977b8-a98e-48da-9e00-4a1255fa37f6.jpg,2
7da359da-ff5b-444b-83f3-723a213b8f76.jpg,52
7db5818e-3e1b-4909-a2f7-75414ea078ac.jpg,23
7dc598d1-49d3-4d9d-a5cb-4fd2da92b79d.jpg,41
7dd1f5d1-bce6-47e5-becd-d57966f427ec.jpg,9
7dd97145-917d-44b8-b3ca-0fc97b704acd.jpg,12
7e032851-b0a2-4af1-af1e-02dd95699cb6.jpg,29
7e3e77da-d3b0-4a2f-84bd-3f413cd0fffc.jpg,31
7e804c8c-b2d0-4ed6-b8be-99eb92b7ade9.jpg,43
7ea35262-7b92-4960-b701-e12c14d105ca.jpg,49
7ea8b19f-28ee-4232-98d8-7e8f177342c4.jpg,4
7eeaf0b2-8e4e-4204-8bde-b17ca2b45a2e.jpg,24
7f05a27f-b00b-4f43-bb93-3d64d48e4d13.jpg,28
7f4ad116-f0fc-4491-9cc7-a62040234222.jpg,7
7f8987fa-561b-4784-a243-21dff947f1db.jpg,23
7fcbb259-5479-4193-bf64-2ba3a52fd6b9.jpg,22
7fe23085-60d9-4420-ac14-eb988e311622.jpg,8
7feb0746-13da-4945-8765-fe827ffcfa9b.jpg,12
8066b165-edb6-4442-918e-500bcd826b4b.jpg,28
8091131f-41fa-4f18-8a39-c3ca1d680168.jpg,18
80a2563b-1801-43cf-b034-bb716246d511.jpg,36
80b01c99-7df1-453a-976d-86fe691be3af.jpg,13
80b1a902-f9df-452a-b9d9-1b2ba01db69a.jpg,6
80c87c22-eb44-4c52-a9ac-42c567cc99e9.jpg,6
80ca8e68-65aa-4ca2-a4ef-383a6381cbc8.jpg,5
8127459a-a5fd-4569-9faa-90c6efa51630.jpg,20
81473db2-1259-4c0d-bd6a-906b63296b61.jpg,45
8174880a-8414-42c4-a715-f76a9068e823.jpg,50
81a68f77-4f1d-478b-afe0-942809e1dbb2.jpg,25
81ac96dc-8caf-460d-9f9d-7894c333a10e.jpg,7
81cce20a-5eed-4463-8422-a77350b714b4.jpg,4
81d09519-21d3-430d-af2e-180efea7a5f4.jpg,9
81d37441-1f94-4578-80a7-f287c85f6a97.jpg,44
83050c6d-fd9f-4da7-8756-5312b1b6e850.jpg,38
8328e840-6abc-4943-a30f-e36c2b8368e5.jpg,49
8371897c-0b0c-467c-9e16-24a73a100cf3.jpg,51
83b2c562-6e42-4441-a4ae-648f58fe2be0.jpg,51
83c63f13-b57f-462d-988b-b7511c629092.jpg,51
83cbe190-1c1e-4804-98fd-905d1eb53620.jpg,26
84242b68-33ce-4565-87e1-98f46b5bd09b.jpg,8
8434764b-df2c-4eb5-b2ac-50cb97d72731.jpg,35
84b2e6f8-cf7f-49c8-b86e-5df0ccd050dd.jpg,47
84b83dae-87d6-4fc4-abca-cf12ebe6e4fc.jpg,25
84f582a5-17fb-4035-ad61-96bd302a4e3b.jpg,46
85178e86-526f-47d9-80c9-ecbe0634dc6c.jpg,41
8521c60b-b158-4ca7-95c3-a9ebae003e8a.jpg,11
85395910-30be-4f7b-8e80-fe17d754de28.jpg,50
85575cd6-9fc7-4715-850b-d70d125c981c.jpg,37
856ffb1b-806a-4a56-9985-04f2d19d7205.jpg,38
85745659-663e-4bf5-9dd3-62a9cc6abfe7.jpg,2
8582fd22-f227-4603-962d-da68f327b3b3.jpg,19
85844fe7-74fc-4936-b4a8-549ca629b72e.jpg,34
8597f43c-75cc-4255-a26c-ac03f0348041.jpg,5
8616d387-7916-40a6-b69f-6258abf73e89.jpg,29
866fea53-5ae8-4ca6-99e9-128d3a1c8a91.jpg,26
86c6e5e5-3825-4560-ba2a-e8f27c129dc4.jpg,36
86fc5b67-7e8e-4892-ab23-ddad8bdd7cce.jpg,33
87066ec7-7932-4f5f-bf4e-d4e53c464eb4.jpg,0
87117b2c-d3e6-425a-b6b3-08f1c6619fca.jpg,43
8720414e-9161-48b2-8280-bedb17c8c09e.jpg,23
8797ff52-beef-4b3c-9878-85c8fb787526.jpg,6
87ca3329-d450-4d3f-bd65-d10d25e4861d.jpg,18
87d2e678-bf0f-4854-beb6-865b93a8364d.jpg,3
8808dcca-70d4-4928-8fcd-a8dcd232e021.jpg,34
88176edf-54a8-4319-b743-0098887f4afd.jpg,47
88514f66-9d0c-46f3-b6db-5f420391f6c0.jpg,13
8860415d-2bcf-4e57-8767-0a135a178507.jpg,15
887dbbed-4625-48d6-82f8-8db9ca9aeddd.jpg,26
8886e8d7-cfcf-43e9-93d1-8852a34787e2.jpg,24
88d2bcbe-d0dd-4e02-bffa-786fb508fc6c.jpg,51
88d40e8c-55a2-4388-9973-e4215e44d278.jpg,43
890e60fb-534c-49d0-9a7f-4321b69effaf.jpg,31
892ff89d-3899-44c3-9d26-ebb0c7c3367f.jpg,23
89307919-509c-4358-b6ff-8277ecbb8cc3.jpg,51
89443615-5505-4135-a970-2de65f63adfb.jpg,50
89c75630-2687-4d4f-94e6-4fbc828a809b.jpg,20
8a3e1fc3-c4e1-4623-983f-36667e065195.jpg,38
8a70cba1-5dbb-4584-bad7-3c317bd9a1c0.jpg,8
8a7dd632-2a77-4018-8751-341635420b6c.jpg,14
8a965fed-2fc1-4fa8-beea-0107ddfc13d1.jpg,20
8a9d5d73-16c8-495b-922b-c0a4b77f62f7.jpg,33
8aa2a45c-2745-47bf-9b35-7ccb8a8cb763.jpg,38
8ae37402-5e3c-453d-bbda-084d38a9c730.jpg,22
8b070151-fba7-47ad-9776-f29d858c6174.jpg,53
8b4d186e-1e7f-4dd5-a9b4-bfc1722915ab.jpg,6
8ba4ac7a-663b-4a0f-8fa5-45d574371dc9.jpg,38
8bbae578-ac6b-40f5-a718-c4c6fad9488f.jpg,10
8bbc6df7-5895-4b56-ac05-a6b5d2f84d50.jpg,32
8bc8e255-7243-401f-b04c-f30b64e126c0.jpg,12
8be330d2-363d-44b7-89b0-34900f4feb97.jpg,25
8c25052e-b017-4299-8e5f-e40243a84c80.jpg,41
8c35ef22-3303-4c05-bf09-58ccc00cc6ae.jpg,15
8c668794-a131-40a8-b265-11ecef6058e0.jpg,15
8c6faf8c-5970-4c39-a59e-44f4b787c4bf.jpg,51
8d09d37a-4c25-4285-8090-ede6b73a1f45.jpg,28
8d3e1e19-6f16-41b1-9bfa-663a04ccbf16.jpg,20
8d586b79-49d6-4fd8-9981-484024e5206d.jpg,9
8d851b7b-f18c-4e7e-9205-78bd63444d62.jpg,34
8d92dd46-d6fe-4e14-bfbe-0c4b41ec4261.jpg,13
8d9ab173-5dd5-40b7-b197-10233c53f0e0.jpg,53
8db04ed6-8ce9-4ca5-b9f3-7937a1ff54bc.jpg,24
8dbb77fe-bc8d-4524-88ae-eba822258eca.jpg,53
8e64e0b3-b95a-485e-90f7-a79962d12bc8.jpg,1
8e740522-7e71-4758-acdc-31825b6b4f4c.jpg,0
8e8189a6-6fdb-4af1-8f50-1e6007e4e1e4.jpg,12
8ec68696-c258-4a63-8b2b-d062cd0df72f.jpg,15
8ed25725-03d8-469e-b329-3ebc210e142c.jpg,39
8f1f5a2a-9354-473c-86be-5f48e94b62cc.jpg,18
8f2e3840-544d-415a-bde5-b36d3b4767da.jpg,19
8f3a4475-eb0f-4fab-9866-5fff63ba94b1.jpg,25
8f3a8bf7-6fcd-4a1a-96c3-4a64d9068853.jpg,30
8f434368-5ebb-4edb-afbc-9abbd287c9de.jpg,4
8f496920-a25b-4033-b8ea-e569842feaf5.jpg,12
8f6e9021-9c8d-40a3-a843-083ca0d0f687.jpg,0
8f7e8eb4-afc5-42b0-9b31-ff1120102034.jpg,9
8fd56763-365b-48aa-a7d0-0e933b9d37a1.jpg,51
900d4395-cede-4877-8766-089284ae0af2.jpg,4
9010f478-0680-419e-b719-a58e4e7fbadb.jpg,44
905b6307-119c-4427-87a3-82d07ee9408f.jpg,22
9072ccc3-ff0f-46aa-9403-8425bfc3103b.jpg,24
90ab15ae-95c4-4b93-b2a3-50ce3c0468f2.jpg,43
90c6821b-84a5-46e3-ac9d-2542e4f5ac46.jpg,31
90c8ae56-d9b6-42a6-a754-23a25af5f630.jpg,25
90f99e68-deed-4a49-87d4-d34945b75166.jpg,18
913c5161-aab4-47c5-b21d-8edc432feb4c.jpg,40
91569f84-e7cd-4359-b5f9-fea37048c7c2.jpg,1
91acc45f-9f4c-4192-b0b8-707eaef8932c.jpg,18
91c120b4-f323-4a50-a8ce-7464f69f8e53.jpg,39
91e6cb45-92fe-4b9b-a5b3-509ec274f88e.jpg,40
92098c7d-5679-432d-93ab-c25d6fe70c3b.jpg,43
92125e0f-d713-4477-9184-c26d506ff1c1.jpg,46
9233b918-39b3-4a7b-8018-442967ff3147.jpg,51
923de41e-bc71-415e-97b8-190416e16d6b.jpg,25
925663b5-4ba3-43af-bed1-7225a13b63d4.jpg,51
92aa4ab8-16a5-4864-bc5a-0b71695f4e55.jpg,35
93179690-feff-4371-a6e1-8f06f6bd3639.jpg,44
935b3b5b-a76f-4a26-a5fb-116e5b58fa3a.jpg,45
936f59f9-2311-483e-aea9-e0ea0362cb74.jpg,17
936fad3f-3fca-4c29-83b7-a864ed4b0e2b.jpg,32
9370015b-c98a-468c-9631-8666910539b3.jpg,8
939add37-10ed-4aa2-9489-dcc21fa1b29f.jpg,37
939ffed1-2603-48f3-b7d9-0a7853940dec.jpg,23
93a66123-66f5-4d2a-ac0d-761b3b79fcd9.jpg,45
940c4586-e754-449e-96d4-671ab6e9f864.jpg,34
940e62ed-0248-4046-b8c4-1b452966993f.jpg,41
949e7c75-58dd-498e-889d-3369cef5d06d.jpg,20
94a639fc-7987-4da0-8889-b420126f673c.jpg,4
94ad7622-75b8-4c2c-b5f3-13792672db58.jpg,40
94aeec39-bf57-491c-bddb-fc5116740610.jpg,1
94d7d777-0651-4082-a48a-a1134eaa39f3.jpg,34
9565750c-9e2c-4f24-a7e0-76b3e596085c.jpg,45
957f7f8f-bcb6-4825-80c2-a535fe65b6a3.jpg,30
959999c2-379d-4ae3-9714-c66aa7d7ec34.jpg,53
95ef8d26-10d1-429c-ba1b-2b24aa355c0d.jpg,36
9614c246-db85-4281-938b-72dfad799f79.jpg,17
9677357b-464f-4f98-824c-ee551a025b4d.jpg,7
9681cef5-bcd2-49eb-b241-d644a6040808.jpg,15
9684bc0e-9e28-4ad4-acee-91e7bee8ca53.jpg,42
968bfdc4-9d74-47c7-b090-b26ca2470c11.jpg,15
96e4abbf-2d4a-4350-89d1-e50a6f09973a.jpg,9
96eb1e24-ee58-4c56-b0ea-682bc3a62c00.jpg,28
9714b418-47cb-40d8-a88f-f72e3009b243.jpg,1
977f938c-f8a4-4e74-99cc-10c9ff9aad0a.jpg,52
9788d090-8fcd-4f10-a2a8-78ce1b282e73.jpg,36
9794effb-11bd-43c6-83ef-c187453da137.jpg,28
97a57b68-9904-412b-bc68-28bc680ce57f.jpg,34
97d76c18-62d9-4c38-b6de-f1e7ff4f87b1.jpg,19
98014c4e-ccba-4ccf-a232-fb7c8b45253f.jpg,32
98307122-d33c-45cc-94d6-b6d100e316c9.jpg,43
9843f6e8-d4f7-4a3a-bb4f-aff4be094739.jpg,14
985b7a65-a848-4511-a577-c1a881cfec19.jpg,7
98a299d6-0cb2-409a-9e74-29e7b4bb8edf.jpg,11
98a51d82-0c8e-49f9-a4ac-98f27ea599ad.jpg,0
98b4d35a-c635-4e85-89a6-6844720b0443.jpg,38
98d5908c-7615-4050-b9c1-2b3b9e18bd5d.jpg,1
98dabf5e-ac5f-4eb6-924e-f3e7f3f1547c.jpg,51
98efdc4d-ff8b-4ebc-9d4c-695be920e481.jpg,33
9939cba4-b7b2-4074-9b67-d204118e5fdf.jpg,44
99611df2-bd97-4154-9676-d422b2ea67f8.jpg,45
99718fcd-c888-4ceb-8409-a725e70ea410.jpg,12
997d853d-716a-413f-a012-7f19c8683bb3.jpg,44
99b5b5dc-6ed6-492b-8e9c-43d6ca5cd7ee.jpg,9
99bd2e65-aba7-4c6a-b59e-fb69910c235c.jpg,39
99df9802-14b6-4287-bde1-cd9d6bd6de6b.jpg,39
99e05176-fe70-4264-8123-da1796c2f6ee.jpg,9
9a7af4b6-a1d4-4dcb-9738-42947ecee7e5.jpg,15
9a7f5e25-b264-4b69-98b3-02ca7ba0dc54.jpg,13
9a895b97-80a3-40a9-93c6-931e166ea84a.jpg,25
9a8e295d-d565-4248-9077-de73ac033d6f.jpg,7
9aa04d30-731f-486f-ab74-8f1da275de7e.jpg,39
9ac58c9f-4cab-4a88-8e9f-7c8a17866ae9.jpg,8
9ad52558-c454-4747-9b35-19d171f28952.jpg,34
9ad98d85-4315-45a0-8dcc-2541fc831001.jpg,53
9af89048-6422-4666-9086-9a31cb78a7da.jpg,25
9b0e8d6e-582d-4b1c-8800-49ef6a1bf068.jpg,42
9b33de52-62ae-4518-8252-7f64ff52af91.jpg,0
9b5a151f-6c5a-41ed-b647-b06f557754a3.jpg,15
9b780093-2777-43af-81c5-7eddfe5afe34.jpg,31
9b9dc211-8c75-42e1-b38c-615c56d5e62a.jpg,22
9bd8ba44-ad09-4335-8ad1-8a08d9d706e0.jpg,41
9be88292-c99e-4115-9ea9-c91f5104bae9.jpg,9
9bee8677-2fcf-43b2-91a9-f5e95aee8f3e.jpg,12
9c4429a4-b788-4640-af41-67271989c659.jpg,51
9c6856a4-e8a2-48d4-88c8-5efd0064b767.jpg,12
9cdfbfc4-6f53-40b4-b298-18ea2a71c7a1.jpg,19
9ce1dc25-6396-4d6c-8801-50d491d7cfa4.jpg,49
9d025817-730f-4f91-bb70-b88b7dc42354.jpg,8
9d036c72-0b30-4543-8d52-754df851a59e.jpg,25
9d0b3494-f0d7-43c6-849f-8683182ca6ee.jpg,10
9d8a71f2-40dd-4140-8210-87745576c5fa.jpg,3
9dabcce0-4c8b-4c9f-b34b-6e9dd287e2ce.jpg,20
9db2e0e4-24a1-4c97-84f8-bcc59d036cde.jpg,38
9db96dd5-9d61-4ef6-a70c-5f363c014a6e.jpg,53
9dc5666b-d09b-4c2d-8326-0dca427e4f60.jpg,27
9deaeaf1-59e8-419a-a678-3ab3cdd41e95.jpg,30
9def0dcb-04a5-493c-90f9-84d0dd44b721.jpg,14
9df29d51-04a9-4432-95f1-61fe13a595ee.jpg,49
9e0dab37-e43b-4f55-9f3f-7cc6a3676ca2.jpg,33
9e13ef7c-3347-450c-bf23-35214723dd88.jpg,25
9e461ae8-6573-4add-b9e4-a6212e692098.jpg,52
9e666fd8-3b80-4c77-8dde-40b74b80ba89.jpg,31
9eb4dc41-8538-45a0-b012-0d7c4712218c.jpg,31
9ec80ebc-515e-4dcc-854e-a4e088460a31.jpg,44
9f264510-c76c-46ae-9a46-ba93924acef9.jpg,34
9f3e56b6-725a-41c6-a62d-b32f12e8e7a4.jpg,14
9f4eafa3-d011-4b02-b605-51cb18962983.jpg,36
9f5abd8d-ebe0-43c1-9540-5d29296a7b93.jpg,19
9f767258-dc7d-43ec-a0de-d69dfcbfd627.jpg,35
9f983da3-1785-4189-b579-6acc374f0719.jpg,32
9f9c5e67-902c-4c55-9c54-75a9a67e62cc.jpg,38
9f9e8937-e3a0-43c3-b44e-06a6af01718b.jpg,22
9fec36ee-59b6-4b1a-83bb-52e9b7bc5377.jpg,8
a02bbf3b-0de9-4f0a-a67f-c52b47664f11.jpg,4
a04ac6a7-5db1-4ae1-a798-9047b1b5a966.jpg,30
a04df086-1876-4488-aa00-2b8c63f22ef0.jpg,50
a07c55f1-08be-4796-806a-52d6f7bb9407.jpg,15
a0d0f7f3-a24a-4333-ab3e-98da69f0602b.jpg,30
a0de3d41-3867-4725-98b8-3255b3c5f600.jpg,37
a0f02722-ff16-4e3e-8f59-05bc32b9b7c3.jpg,4
a1113d5e-cc8c-4f6a-8490-67e41fa965e4.jpg,24
a13d0c18-6979-4c46-aa97-91fbe71b77fa.jpg,15
a13d5a65-782c-4c9d-95b8-01b57832bf33.jpg,28
a1418d8a-ae4c-410b-85cb-14d9eacb427b.jpg,40
a14ffd4b-27ea-48da-aa40-9170837816c2.jpg,47
a15d8c7b-6007-4e23-bd66-f557d52e95d8.jpg,3
a1a04e35-3677-4fb3-b9f0-cdd01fe229d2.jpg,0
a1a2749e-2478-4b59-a5c9-1b0466af6fc3.jpg,42
a1a9583c-4515-4182-b7e1-e6c968a8016b.jpg,11
a1ce09fb-8e0b-4fbe-9254-1b6a3e4dac1e.jpg,52
a1dcd3a9-e508-4e06-af82-f7f54ee18e48.jpg,26
a1e11222-0716-4f9e-aaa8-0b31a37a888a.jpg,53
a1f7c38a-3a44-4b62-803b-d6c7d949b978.jpg,40
a20d14d6-81c4-4078-a52c-5f2da073b471.jpg,42
a21d1b60-bebd-4ba7-abbf-d558f1ce89f6.jpg,33
a241fe13-5914-4d9d-9009-3398718996e3.jpg,12
a257547d-a761-42b7-917b-4b63c4d100c4.jpg,12
a26992c2-830f-4ac4-ab9d-885e38108b6a.jpg,11
a281e0fc-80e6-44cd-98ba-0a3f161e9885.jpg,39
a2b8a453-11d8-4679-af50-32c00c813eda.jpg,31
a2c927e7-cfdd-44b0-adf2-953f7e5637d5.jpg,39
a2eecf8e-8a8d-4837-afdb-c19e40bec9e1.jpg,28
a2f288e7-ff14-4024-9bad-7073bd58c226.jpg,5
a305565e-498c-4f25-94b4-f42289d95861.jpg,30
a30b00a7-e84f-4cc3-9ff2-89b4017bb713.jpg,34
a368e1e5-554e-45bd-9c1e-111335f39b53.jpg,5
a37956db-dcfc-4739-ba74-9afa76d3d66b.jpg,52
a39a4a20-c566-4d60-aa3a-ec29ee1b0a72.jpg,37
a3b561ee-bd13-43f4-bdf1-8b314a98e7d8.jpg,25
a40cc3c4-1e63-4f0c-8ff5-17e2e5c22c28.jpg,8
a42058bf-5a1c-45f4-ac69-1926825d8852.jpg,14
a446fee1-869d-4646-9165-be814e991e5a.jpg,35
a4750022-189d-4e24-bb9e-0d81398c2ff7.jpg,17
a4a4ea47-a48f-48d4-88f8-81c0b0ce2e24.jpg,50
a4af351c-42b3-4828-a06d-1c76a21a3caf.jpg,0
a4ec31d1-19e3-47eb-91f8-edc572d3b4d4.jpg,5
a50d0349-5072-489d-89a7-bf606397419f.jpg,8
a524ee8c-8d22-40d4-bd48-d07520a0173e.jpg,13
a596f91d-81b5-4da8-9355-b6f8bb3d98e8.jpg,7
a5a94484-946a-4bb2-9ff7-7b721827c48e.jpg,43
a5a9c417-5cec-4c6a-9a20-b9233c7d533d.jpg,8
a5b74eef-e0c7-424d-bf5a-11db9633cd87.jpg,34
a5f1c5e9-ce75-4781-93c4-e7c988459e13.jpg,1
a6123977-bf2c-409c-b2be-ef113ebbf99c.jpg,1
a645932f-1ee1-4a2c-8caf-570bed7d663e.jpg,34
a6478054-5dfb-4502-8bb4-bf2558c6af7e.jpg,51
a699dcc2-54ba-4f9d-b5d4-de8403a4630d.jpg,5
a6b2fda3-e968-4ee0-9c23-0cc905458e75.jpg,38
a6c9ec72-ab8f-4b61-8a9a-4dc83a8646b7.jpg,5
a6fddd07-7250-41da-90e7-1a37982f47d2.jpg,34
a71d545b-c908-48d5-9877-54544fd80322.jpg,3
a71d6160-bbec-4a90-93df-68960c4c1036.jpg,8
a71f8609-1dbb-407b-aa1a-50f4ff89c3fd.jpg,2
a739e69e-68e2-4bce-87bf-ef4660cacb98.jpg,6
a7464377-2d02-450b-bc79-28a3377c9d9c.jpg,31
a78292ce-de8b-4499-962a-625e95f872a2.jpg,3
a7860f53-5ae8-4a90-bed3-79df4bb9dd63.jpg,15
a802b2da-12a4-48c4-9cd0-88998758b12f.jpg,41
a80e0a42-a90a-4ec7-b0c3-2d19cf73706d.jpg,38
a836601e-76f7-4e9f-ac37-a494b517cf20.jpg,43
a8520fe3-9858-4292-814c-e2c4168693d5.jpg,32
a854d9de-7fc0-4136-923a-fe3b81bbc2ea.jpg,41
a863619a-459e-46dd-bfa3-c81dc077477c.jpg,0
a86acb62-a94c-4cd2-95a4-d24319455c03.jpg,24
a8cb249e-2dd6-4e75-bcad-c14cb4ab705a.jpg,42
a8cbc817-9b57-428d-9f85-21a5c3a3c82e.jpg,47
a8d0b9c5-55c3-4b18-b742-e1b0d690bf60.jpg,9
a8d3ecb0-9b9d-477e-ad83-0fc440a0b2bb.jpg,30
a9047aed-698f-45c7-8e40-5fd16f8b68d4.jpg,33
a91f75e4-968c-4f55-8c67-ad71a16888d7.jpg,7
a95b2ecc-04c7-42a5-97d7-033dfb0ca347.jpg,42
a978701c-92d5-4599-8023-6604b1fae255.jpg,23
a9ccea8e-5c0d-4d76-9d93-d42a00b45ee5.jpg,15
a9ef9703-7e3e-4d79-b126-66f27166293b.jpg,28
aa022d9c-0d75-4ac4-a21b-105dea072a9e.jpg,31
aa03e2b7-3cea-494e-8cd7-888bd0d602a3.jpg,31
aa8206f0-3729-4523-891e-f51ee91f3be7.jpg,6
aa8bec80-ffd4-4238-9ce0-b169f3398c2c.jpg,26
aa8da7fc-49ce-4671-b238-813796ff27c0.jpg,43
aaaa0a6c-7c50-4f7f-bffd-0fbcfc48c6fe.jpg,13
aae09d63-0ef4-4be7-96cf-e34e559cfd95.jpg,19
aae84aee-ec5b-49d3-ac58-36bf1c2ed398.jpg,18
ab0a30c0-a142-42ae-83bc-dc079880077a.jpg,25
ab463f69-e188-477b-b5bb-d07f5ab84f8b.jpg,14
ab50d6cb-3b55-4c23-a08d-7651a916109c.jpg,5
ab7e09cc-5c82-4de6-b042-5b5ba9c5de67.jpg,29
ab97e508-cd8f-4719-ab1d-7b8c146a385f.jpg,47
ac03067e-dc14-4146-8047-46227cebce77.jpg,0
ac18f2fc-a7c9-4912-9fcf-2797681a6823.jpg,8
ac3218c2-d230-44a3-9cb5-a8c1ba2fdd51.jpg,11
ac3c74cd-f7a3-46ea-9f9e-dc7b07d7cdfc.jpg,46
ac4017e0-3f6d-4a73-8117-c1830b08bade.jpg,31
acf997bc-18b3-465f-ac41-4494a360807f.jpg,38
ad03acdc-2ead-4007-b2bf-25d362c618d1.jpg,50
ad55464b-59c1-4a62-a659-a3083312f82a.jpg,8
ad640d91-a503-4886-a962-9ab3a91c88dd.jpg,34
ad6d1bf0-1822-4ca3-8577-4b1ae7495ee5.jpg,33
ad936e97-d457-4a95-b755-707d81ea8d1c.jpg,52
ad956d51-d673-46c3-8a31-075eb8309e2c.jpg,23
ad9c8c1a-ce4c-4073-8f30-d210ef1fdf62.jpg,25
ae1511bd-a80a-46a1-976e-29c0e303a1db.jpg,22
ae4ece75-ff75-411d-a24d-a50ac6cb2480.jpg,53
ae647fea-7772-4026-896e-8064a686d8f7.jpg,26
ae785091-bb27-4d6a-8b97-50fa01bf204b.jpg,10
aebf781c-70ea-4722-9bd1-9b7faaacbf3d.jpg,45
aeca68cf-f3f9-4303-94d2-7fe4565c4247.jpg,43
aecec635-934b-4b74-9a2b-54e7242a7a50.jpg,28
aeeb94ce-1e77-41d9-abd8-5a63473e8a6a.jpg,24
af541e01-05ee-469f-bc63-e881ed0babd2.jpg,13
af704cda-7afd-4f4c-996a-ce74ceef1369.jpg,52
af8cc74b-dc8c-4b66-a65b-3b1e537e250e.jpg,45
af8cd427-7ab5-4f41-a2be-f1ce76637171.jpg,14
af8f63e0-401b-4ae7-b0e8-97f95bb6a379.jpg,16
afbb7719-ee59-42ed-8ef4-97209e5a8bb0.jpg,38
afcbd9db-4334-4a92-95ff-a2e9e1193eaf.jpg,27
afd034c5-924f-4cd4-8468-c4947203bb88.jpg,40
afd62070-3e9b-40c0-b83f-a93721df4933.jpg,39
afdfebc5-aa0f-49e6-a07d-0343fe53a2ec.jpg,30
b00b1d84-53bd-4fc6-91c8-bb15be67abb4.jpg,26
b0212552-ec80-4e68-83d6-7af8496e1ac6.jpg,34
b034f186-6b55-4b14-a446-7af4d12d1e70.jpg,3
b04ccb70-20a4-4342-bad2-adee58bcd576.jpg,4
b05745dd-26ef-47d7-8705-a5a621e76374.jpg,9
b072c1c4-cf32-485e-9b08-4214e74274ea.jpg,26
b0b34166-37b0-44ed-9b85-d232711744a7.jpg,51
b0d7b706-cbd7-46dd-b64f-2cb9bec70e7c.jpg,26
b13302ce-3a7c-4b66-ab9c-c0dff4364988.jpg,28
b148f89b-c785-4bb1-ac33-61eb53626cb8.jpg,42
b14c0851-37f3-465a-8f9c-4b78121b15e5.jpg,37
b178af4b-5b40-4dcd-83cc-6908157e3257.jpg,28
b1c90b2b-7eb9-4762-b4d6-b7574fdcf317.jpg,12
b1cbb5d1-994e-4019-b749-f78dad998d28.jpg,6
b1cdde3b-efb9-42fe-9495-f300d50ec0cb.jpg,24
b1e5b4ec-66e6-4408-b7a7-d8db318caafa.jpg,13
b1ff88a3-d2a1-465e-9734-1cf048e617ff.jpg,49
b22260b8-bc34-4f87-90d0-99edaaf2aaa5.jpg,35
b24c8383-488f-4028-ada4-f2dc6094bb9c.jpg,17
b260fb82-cafa-4ea2-83b9-369f8c48d717.jpg,28
b2a94659-6eef-4289-82fa-e349b4caccbc.jpg,14
b2d1ec51-e7de-4334-8944-0774efe17b9e.jpg,32
b2ec8514-5d99-4855-a1a5-4709bfe9441e.jpg,0
b2f656cf-14b6-4487-bbf2-fb910c586a7b.jpg,29
b304a05c-f0a0-4c7e-b286-209af11816eb.jpg,11
b306ccb1-cc4e-4ade-bbc6-169841608166.jpg,0
b3303cc8-729f-48ec-b051-19003d8d9415.jpg,51
b3401995-72e5-4900-8d8f-98d3c8ac07fd.jpg,32
b34b5e4b-dee4-436c-8a78-a198f01a4caf.jpg,43
b3503533-2dd0-4e8e-9a5b-44e15f7a3f99.jpg,51
b370c43d-875a-48da-a632-36aa4ab0be8b.jpg,47
b375e60d-7b06-4a13-99aa-c6fbc32ee951.jpg,33
b3764e5b-12a7-47d7-a3f1-d4961fbbe65b.jpg,38
b3792286-7b86-49ff-b675-bc49503b5df7.jpg,5
b389345c-faba-49fd-b81b-6afbd34e6d4d.jpg,4
b399328c-5fc8-4466-8497-12980f4c15c6.jpg,27
b3a5d3a6-2612-4ea0-9553-79c20ebd3803.jpg,47
b439e20f-3651-40ce-ac4e-9adc68b9499a.jpg,7
b4b1b085-d152-4e9a-b0a8-c16fc92a2bdc.jpg,8
b4de6a70-6c2b-4857-aa08-7c9212928535.jpg,34
b4efeee8-2617-4797-8bc0-1b680b3dc398.jpg,4
b54d47bb-a866-4b68-b24c-c57d8a6f151c.jpg,42
b58ac1dd-6d1b-4270-a013-69fbc4bf01db.jpg,47
b59dc817-1be0-4b8a-bb9c-998cd3958d73.jpg,9
b5defefd-0bc4-4ede-8319-744f63e24297.jpg,49
b60823a2-718d-4ccd-9807-05731f073cb7.jpg,19
b611c158-08c6-4c34-90b5-8fb0c995b6ce.jpg,11
b6163258-a627-44b3-9bef-9b2dbd865656.jpg,27
b643adce-0903-4ab6-b86c-48fc9b714fda.jpg,3
b6582c1d-8437-4f17-a698-0376da98fb01.jpg,20
b6912a9e-77fc-4456-b55c-26335a7361f3.jpg,51
b7496ffd-c20c-4560-ae74-7a50d3111006.jpg,1
b74fd70e-bc2b-4388-88a8-2b72e8826ee1.jpg,18
b754a3f1-ffd0-455a-abc2-a7467774ebd2.jpg,47
b75bf3ca-bd7c-45a0-b7b1-70e615d81f6d.jpg,23
b7c15708-894c-478d-87db-a32004b39c22.jpg,5
b7da3500-b39c-4a84-8a44-d22989f898cf.jpg,12
b7f18c58-96dd-4479-946a-32f1915d79dc.jpg,29
b7fc3571-f2ea-4c92-964f-d9ceaf08355d.jpg,3
b8413e50-d370-4638-bb56-4611211ec59a.jpg,51
b860a026-42c1-48ce-9b64-b20eb4646e1d.jpg,21
b8a3464c-991a-47ac-883f-7917659060ef.jpg,51
b8bbbe1a-5b58-48a8-8262-f6eb413c8e8b.jpg,6
b8eff2c0-fcf5-409e-b8cc-11b1e966225f.jpg,8
b8fb0c99-5684-4f52-a5da-d175df88094e.jpg,3
b92194ae-527d-45eb-8036-423bdb753b87.jpg,22
b9394582-a70a-4494-9629-e24ec9674d2a.jpg,17
b99649c7-0c9b-4404-a70d-6576683b8729.jpg,34
b9d2fbd4-f50b-405a-8642-acda2fb6cbb6.jpg,22
b9dc17fa-deba-42a7-a4b2-4b16d1d1f03c.jpg,40
b9f6f87f-8c5f-410e-9ec6-545fa3683c08.jpg,11
b9fe9363-81d2-4347-846e-462a13f5ac2c.jpg,45
ba344331-fa6c-4ba5-96c2-f07451fccd14.jpg,31
ba7bafee-82a4-40a5-89ef-b98a22bf6a39.jpg,19
ba98db8a-7e6f-485a-95d3-60eec2a16c47.jpg,52
bab75a53-f7f6-49df-a894-df980c04a644.jpg,18
babea9a8-f1af-404f-8a31-97f5ac60d3f1.jpg,44
bacace64-3bca-4b78-ab15-64d3203afa37.jpg,51
baf2d030-968f-41a8-b81e-fe5fc54a5873.jpg,1
baf5a73d-352d-4d4c-af19-7e71f3a8f7b0.jpg,11
bafdc99d-31ac-4d15-b04a-c57d4a87f069.jpg,32
bb0d0edb-5651-4669-b185-541d54e37978.jpg,47
bb17c32e-0d25-4e3b-af4e-aefd386c7cd3.jpg,7
bb7fa422-54ad-42f6-ad1e-a24acb5668c2.jpg,18
bb84dcf0-4b3b-48b9-924f-2b090acc0498.jpg,49
bbcd91d8-7ac0-4a6d-a12b-4ae0d2324f75.jpg,34
bc144cb6-6d59-486d-8909-4e617422e3a4.jpg,29
bc30cac7-eb70-4f09-8c54-ffdb697eebc9.jpg,45
bc6e5406-a8d8-4d7c-bc74-b69b63d074e4.jpg,33
bc7f7646-9276-4d67-8ef5-1b293cc3c977.jpg,22
bc888e7e-a9bb-4ba5-a797-e90000d68da7.jpg,32
bcaa30b9-dd5e-4c7f-940b-aa98d23ff4da.jpg,50
bcef19e8-c9ef-4f6e-a0d3-7c58a44edb00.jpg,26
bcf839df-8e29-44ae-b437-50b9af65499d.jpg,51
bd2acfc5-4c3a-4b1f-bfeb-8a3504c15392.jpg,50
bd42f92d-8393-4986-9882-76bc6306a83e.jpg,25
bdab599c-3b30-4610-973c-41cfd4d819c0.jpg,51
bdc90c35-5d0c-406a-bfc4-8b63ae86c9d8.jpg,8
be1efdd9-d990-4ed2-b591-6b7e43c47929.jpg,18
be3f0c43-0695-42ac-927f-71b9d69fae60.jpg,28
be49a185-38fb-4255-9d9e-cfc7e27f3f9c.jpg,40
be6c0a40-2c5a-4b84-9e55-37008f83e81d.jpg,39
bee3dde2-607d-4439-a3fd-da2c7b8fcc2f.jpg,5
bef4a79b-36cb-4b72-a611-210fb47a4800.jpg,44
befbf65a-52d7-498d-92a7-2f59edcdadc1.jpg,51
bf542717-b5a4-4b74-8da3-cc33e48bd8ad.jpg,45
bf87860b-2c41-4138-b565-bf92182f48fa.jpg,28
bfde633a-fd11-47f4-b654-c0c20da8c00d.jpg,33
bfe6b235-ecba-44b4-8c62-89577956f489.jpg,13
bff3295b-da88-4e4b-8d55-a950b81386e2.jpg,6
bffd385c-e197-4ba5-b9aa-ecb0328c24e0.jpg,28
c0038339-d52f-4e31-aba8-0cc1c6bcc486.jpg,23
c0102eb6-f0e6-478f-83b0-d3372356bf79.jpg,17
c05f2d29-2c30-41ec-8eff-5c473d976378.jpg,33
c08a5bcd-283b-4a14-b2b2-e7c8bfb31ed0.jpg,14
c099c18a-4fe8-41c5-bc69-e4d3877ca59e.jpg,24
c0bb0e4f-ea04-40a9-80c2-5cc6a2b2d961.jpg,50
c0c4f0e8-35b9-428f-9452-eeb8eb779b3d.jpg,30
c10e8e78-d619-4d4e-9fac-20a8d32e33a2.jpg,34
c14c669e-52b2-4903-a6e4-32dfa1258765.jpg,39
c1526170-830d-4b48-8731-6565bd31d005.jpg,51
c15ee970-ab74-4eb3-a99d-974e02392623.jpg,1
c178517b-c7d8-4a99-a819-74fa1b1553ea.jpg,43
c189dd46-293c-4ada-a7f4-1339d43fecfc.jpg,45
c18dce07-7309-47dc-b173-f8d708d453b8.jpg,23
c19203f1-6770-465e-a0f9-28b266cb2f43.jpg,50
c1f3f97c-9a56-4756-8a28-70b116e61347.jpg,11
c2011608-011c-49a7-834a-78b3cc43a0e8.jpg,36
c2166317-f572-4238-93ff-42442b92c006.jpg,34
c21c040e-8a4b-4950-925d-c4a3a7eacb1b.jpg,33
c221fad4-70c1-439a-95ef-47e73e727f9a.jpg,41
c231bad8-e48b-43a5-af32-189aa853e620.jpg,24
c23ae2b0-6c87-452d-9641-fe52a9f98799.jpg,28
c2b2fcb7-db0c-47d8-a893-3a935e861247.jpg,36
c2e49ca4-26c2-43f0-aaf2-5a42b191a54d.jpg,30
c3079a9b-090f-4cab-80c7-f95c7802b202.jpg,7
c30e2134-7223-4c7b-af85-1a37e49410d8.jpg,53
c33a2613-217b-4ef3-8342-0ab7f39e2125.jpg,2
c352339f-211f-4f13-af6b-471b00c713de.jpg,43
c38fa952-2294-4485-b3f8-e0edbcee1f72.jpg,38
c3caff92-bed4-41c5-8807-c6cce7fb240c.jpg,7
c3d867a9-5ae7-4151-842e-9be49aef9591.jpg,26
c4405684-b883-4934-8485-55e41b8469cc.jpg,38
c4b461bc-3879-49a9-b446-126fffe54f27.jpg,8
c4ebeca7-ce84-42cc-ac81-c2d55d48ad4d.jpg,24
c5220dee-2c4b-49b2-84b3-6ca1419f72cf.jpg,18
c536ebbc-fa40-41b5-af12-819c2e7c5559.jpg,38
c580e3c6-865c-4f5f-aed4-04ec14b80b3e.jpg,3
c5937f3a-62be-4c0f-9962-8c2be08b8911.jpg,26
c5a133b0-0738-4116-95d1-8ed13d8d43fb.jpg,39
c5a55aca-b417-4a9a-a0bb-687cb873d1ca.jpg,39
c5d4c697-9d48-4aff-a17d-3cab6477b517.jpg,13
c5d9cb0d-eedb-4128-93df-8cf6867d4324.jpg,30
c5f27dc5-a7d5-40cf-8376-b42a5712d32f.jpg,16
c5f8f17f-6fd4-4587-ba04-79fc08d2aa7c.jpg,6
c6210c04-fb06-46a5-80e7-0f411f4c344a.jpg,11
c667e5d3-0f59-46a1-87d1-90a69fd13c2f.jpg,37
c6787068-58e4-4f01-8e4b-379e335bb874.jpg,11
c6895812-19cf-4bce-bcf2-9354a8acddd6.jpg,34
c68ea48c-eb18-4aa2-a764-70d2a66dfe7d.jpg,35
c6e6c9e2-60b1-4b69-9edb-b1b849f30353.jpg,53
c6f6adcc-6b5a-4d9b-881e-c1c37669e8e3.jpg,50
c6f806a5-a910-4c5d-844b-28f0f6344e13.jpg,27
c70f5a43-772f-4116-bd90-24c202410ca2.jpg,39
c71170d5-001c-4085-9da4-400705dcee7f.jpg,13
c7162594-bfa7-4a45-993d-30d6247fd9fc.jpg,14
c743ede2-ed90-406b-8de6-11af9ebf47fa.jpg,0
c7570c83-ed27-4840-9f16-bd790695ce42.jpg,37
c77f4364-9911-483e-b9a9-9a80667bda01.jpg,42
c7fa4a90-d88c-43ab-82e2-77e7337fe011.jpg,8
c8062657-b929-4069-b9ab-31a345cb0bcc.jpg,29
c86526fd-c9a1-418e-8eab-0716c4f76dd1.jpg,19
c86d3ce1-a9c8-45a9-9105-66be0eb4a7a4.jpg,11
c88186c2-496c-4f7f-84f9-35edd66e0b88.jpg,21
c88451f9-2894-4056-b367-8eba6cb500d1.jpg,24
c89309a1-a3d6-4ace-8e38-f72a22bb836e.jpg,48
c8a6a324-5b48-4035-9e4f-194fc1c4b301.jpg,8
c8c39c25-e1e2-413f-8524-4fb5c9da00d8.jpg,38
c8d30863-d362-46e6-be78-93cf642b66b0.jpg,5
c8e86212-001c-4fd3-bee9-9ba1af9eaa7f.jpg,3
c91a06d5-a91c-4041-b9d4-25c9cb293aa3.jpg,39
c9275a3e-c7e8-4bb3-8151-436667a6c2ec.jpg,11
c93fcf89-adea-4733-be7e-e14a12aab4b0.jpg,43
c95eb3ad-c035-426c-a810-3c4aa7645b91.jpg,17
c99c5689-416f-41ef-b413-8f94dd1a7d02.jpg,16
c9a9554c-2193-4d50-9691-f82c72062d66.jpg,13
c9dd0e95-b3f2-4788-b041-8ae5bce9f542.jpg,2
ca0bb691-1fdd-41d3-a541-eec91e564c90.jpg,39
cab9f214-2805-4059-9fdb-0ecf0bfc59e8.jpg,33
cac72c99-87e8-403e-92b6-c4f9ead18deb.jpg,28
cae1f959-2da6-42bd-8b1f-15b73e9fc736.jpg,4
caf368ac-2b7f-4540-9dd3-de17f8e3b559.jpg,11
cb1c77cf-56c7-4824-8e06-b2eeb9ed5d1e.jpg,8
cb1cfa4e-4c0c-4b3f-8c9c-237a332968cc.jpg,5
cb41178b-87c6-42bf-a301-e624625cdd8c.jpg,8
cb64996d-1a8e-4137-9f80-c88e7739d7bd.jpg,34
cb84cf1c-1f48-4a7d-96f1-e54832422f4e.jpg,50
cba682d6-1671-468a-aeea-3ada31daf1e6.jpg,8
cc271ebd-ad57-4dae-aacc-a98d7d037936.jpg,39
cc3c7ba8-3453-46fc-8f38-456a7542154f.jpg,45
cc549583-6bd0-4d37-a95a-ff88394dffbf.jpg,52
cc5cbb85-6685-4bfb-a729-b490ee846451.jpg,19
cc8deeb3-c247-4ce2-bcbd-a286f51e814b.jpg,31
cd2ad6ca-1aae-4947-9fc3-07a87315102c.jpg,23
cd90667f-a1c6-4da9-97db-1c2b910b93e0.jpg,31
cd97ee20-c1a1-4a9e-a622-7cf0896bd32f.jpg,3
cdbb0847-c7f2-4101-847c-bc7bd102c71e.jpg,1
ce0f142f-6316-4cf2-a2dd-76b0516e32d1.jpg,41
ce1ebf68-83f1-4c36-877a-3d9591ddc556.jpg,50
ce83077a-85ff-48b4-bba7-46a2286bff0a.jpg,34
cec658ff-0033-4dfb-9437-f5b0a2d37283.jpg,46
ced86a41-df49-4aae-923b-e193eebebb2a.jpg,39
ceda44f9-ebc0-4565-92c4-a1caf23a2f6b.jpg,35
cee88f45-2214-48de-82df-222608eeaa0b.jpg,47
cf219d5e-c985-4c93-ac84-9f59f55abecd.jpg,14
cf7cd46e-a89f-465d-8213-bbe1843bb412.jpg,26
cf9651d3-79b5-435b-8de3-7c609337769a.jpg,44
cfd0a1e6-a158-410a-bfc1-fb4c5e389196.jpg,4
d0058072-7faa-485f-b9d7-cc18058215aa.jpg,47
d008e855-e094-4188-ba4a-4a6f06e7aa69.jpg,12
d010f629-a66d-4e1d-bc42-b1b66e767043.jpg,39
d02771fd-9a49-44d1-ba35-0f4fb9da2dd2.jpg,38
d0b707df-7e16-4805-99cf-f8662721d3e3.jpg,1
d0d761bd-1190-4aa1-b909-9395ec275f7c.jpg,52
d0d95775-50c5-43e4-b830-fa997a2eb9f2.jpg,0
d0e71396-7b32-421d-bfa9-7b5826e1badc.jpg,49
d0fc439d-8685-4407-8918-2b4c97eaa860.jpg,2
d11aacf5-1b53-4faf-a879-18c58171b64e.jpg,18
d1365d92-0235-4a43-8c67-29c1b1c273d8.jpg,33
d152e3ba-f41d-4f86-bf98-ff40b9ae92df.jpg,30
d16820ba-b1f8-4bad-b143-52cee9daee31.jpg,18
d1d842a3-b8b3-48ff-9f5b-ad1f847faa45.jpg,51
d1f6c81e-e929-4957-a044-cc51c1318417.jpg,32
d1fecfd7-ec1b-45ae-86d6-a1f960c8276c.jpg,22
d21d8051-ca44-4073-ad13-1b1d16326a03.jpg,21
d239cf65-8963-4c68-9670-d686d8a9cb34.jpg,25
d252cb3d-70f7-442c-9789-7f7310fdb068.jpg,12
d2b6e3f1-9825-41fd-bb3f-2a437de76cf2.jpg,14
d2b78cdf-48ab-4c38-9e92-0390a5829977.jpg,39
d2ca5b3c-9555-4847-a778-3f48fba3426d.jpg,20
d2ce4ede-9020-45d3-a07d-993ce7dce1a2.jpg,34
d2d06b19-b243-4feb-9c31-eb1047360b29.jpg,10
d32977c4-35c9-4f21-94da-49ec8917a6ee.jpg,4
d3310de8-f20e-4077-8c33-75c8184b9115.jpg,39
d36f167f-df9b-49d7-8db3-0a4a1125d1fd.jpg,13
d37d4053-df3e-4407-ab9e-05e720e835b6.jpg,18
d3cbc2c6-cdbb-4487-be3c-3b7e6a1c507c.jpg,27
d3f019aa-dccb-4541-8f4d-619ad7610f72.jpg,31
d4024224-f06e-4155-9637-1ac4b6546b84.jpg,6
d4062163-cce8-4896-bc7e-a0ec46494f0e.jpg,12
d426ab70-5293-4a0f-b763-01cc23089df3.jpg,53
d4664aa1-b6b5-440e-bbac-6bf38b3caaf3.jpg,11
d488cca9-0940-4a4c-9753-7dbe4aad033c.jpg,14
d4cd63a6-00ce-42cc-be48-44d84abe3103.jpg,20
d4e21db0-30fc-4472-9a30-50356ac741d5.jpg,35
d4e90a6d-59b8-44ae-8db4-b59502fd0442.jpg,17
d52f1f58-9ae3-478e-9d84-7d983a39cadf.jpg,22
d548d575-bc8a-43dc-b83f-19f586b33669.jpg,22
d562690a-5487-487f-9cbe-e62c040dc103.jpg,6
d568a4eb-5588-4404-bfcf-b237494f8fed.jpg,19
d568add3-3851-4198-b2ab-8027d4b8417c.jpg,22
d56dc387-faf8-46e4-aa30-30245776acb6.jpg,53
d58aa7d9-5909-48f0-bad2-b85a54ca61f6.jpg,20
d59468c9-a91d-4b83-9d26-653dafed8913.jpg,49
d59a983d-a9b7-4312-9a00-067bfe58b84c.jpg,43
d5cae218-41d3-4b5b-a4fb-5e6e08a11709.jpg,20
d5dae6b2-0fbd-42d3-aa3c-ee1be8c18fed.jpg,43
d6103460-aa91-4304-aaa9-821dd77bb11a.jpg,43
d612fc31-938c-4ee6-9643-df955914d44a.jpg,7
d6523230-76bd-4b1b-80d9-7f54dbe1fdf4.jpg,4
d69db05f-b5b0-4fe8-9220-da016d5a4615.jpg,27
d6a9b2a0-59d9-488c-952a-fbde73e81a48.jpg,22
d6e59d31-3b9d-4314-a88a-3d98d84bcf34.jpg,25
d6f553c8-b316-433a-9865-cb3502860804.jpg,4
d71b0b5f-7476-46d1-8c92-9884e78ff9bc.jpg,38
d72a04ee-ea62-440d-8a71-b06c2bfdba53.jpg,37
d7355e50-f7ed-4544-a4e7-639a081b6099.jpg,18
d762e462-b7b7-4a76-8b2a-98f854d4d684.jpg,36
d77298f7-b318-4001-a0e5-8b3226120aa1.jpg,7
d7dfadd7-defa-4f31-a115-7a562a44f5a0.jpg,14
d7e651ae-1456-4ed7-bc76-537e646ba5fb.jpg,27
d804610b-ae62-470c-afd2-9aca1ca8978f.jpg,4
d814290a-8f28-4b1a-b1d7-a55cdf9b321d.jpg,1
d8489c8f-87cb-4a9e-9bfe-984f33f84cc4.jpg,28
d84e1145-b185-4f1b-8eb1-0ae4a7ca7a1a.jpg,14
d85c4b5f-0098-4249-94e9-458b13baaf6d.jpg,40
d85e3278-1cbc-43e6-95ea-a6b36a731b97.jpg,29
d8753ce3-6949-42a0-bd92-311fdfbe9f97.jpg,20
d87fc145-cfcc-4ea8-9a0d-a84965fd281d.jpg,14
d8862838-91ac-41d5-b3f1-2ee202a8dd6b.jpg,44
d88e4986-f1e6-4c66-a51e-3a36e3b4c3da.jpg,35
d894a4ce-e91e-41f5-97f5-0c52c025bf01.jpg,3
d8979dee-db73-4e12-be55-265998378a33.jpg,50
d8a7a1fe-484b-427f-9d99-5b6774ac1c97.jpg,1
d8bfe053-faf2-4711-8481-c4f9cd4a6b38.jpg,52
d8c245c0-84e0-4c9d-a1b5-deac9fa6800a.jpg,8
d8db99a0-2b52-4ba6-a254-8ee115ddb279.jpg,23
d8e5c421-6fbc-4fe1-a210-8ea72b648c87.jpg,26
d93410b3-8ac3-437c-9dff-87c15cba17f0.jpg,23
d9755abc-f826-46a6-8dca-feb82fc66341.jpg,15
d98246f5-00c7-46d2-ab52-78409c8659b1.jpg,23
d99276fc-e213-482b-b16b-118012c76304.jpg,2
d9a8a17c-a58a-494f-b3c5-9b18d88138cf.jpg,53
d9acf0bb-364b-4378-acfb-69666d093650.jpg,1
d9c0c7bc-09a4-4c9c-a26d-599e49f593a9.jpg,34
d9c7d71e-7643-4713-ab53-a5e0f8602de1.jpg,29
d9da4ef0-8d56-4e20-b423-717b5f433533.jpg,37
d9ea49a2-92f7-4029-82ad-decdc2aacaae.jpg,41
dac573fb-82cf-46cf-b3c5-0b110755dc7c.jpg,4
dad9ef77-57fa-4b7f-ad17-1cc74ecdb0e5.jpg,14
dadcc55b-3de0-437a-a2f4-3e54873ea267.jpg,31
db278d66-e80a-4ca8-8617-ad25d166ff02.jpg,5
db68a5ad-c04a-4e68-92d8-115b2e65fe34.jpg,52
db7c32f0-24ef-487c-b59d-0b0953102450.jpg,33
db85c3d7-900f-46a0-b2cd-ddfb26e03cd5.jpg,38
dbe61ee2-a271-4d7f-a1fd-fa4cc8cd7d5e.jpg,18
dbe6828f-664e-47f4-9e66-d073cdfebaf8.jpg,24
dc13e026-bce1-4906-826b-1a94e58bc4b7.jpg,47
dc190cb1-90df-4a36-9b98-676bfcbb68c4.jpg,21
dc2f555a-c49a-4187-b3da-291a81b0dc46.jpg,5
dc344837-1669-4541-8db2-ca02d91af1a8.jpg,9
dc3ee548-35e0-425f-bdc7-f4ec0ac83129.jpg,21
dc6ad492-520e-414b-82f1-bc9c1af53fc5.jpg,1
dccdc0c5-30cb-4c3b-a2ad-72d716f55c71.jpg,53
dd95c90e-b5c4-46b6-b21a-8099a26ebe15.jpg,6
de0451d9-ef95-41fa-b4f9-a0cf1158d00a.jpg,28
de2e09b0-9193-403e-b8f4-db9d85eef0ee.jpg,46
de392810-f1a6-4b7a-9ea1-09769d9cdcb3.jpg,3
de44f22e-aa69-4b6a-a6c3-9b494c1b86b7.jpg,31
de5d8bea-8004-424f-8eb3-b04e430c94a1.jpg,1
de7b9102-b415-4e44-879b-a2ca31fad311.jpg,20
de7cf1f4-dc83-44fc-9e5e-4aa033b544d7.jpg,37
dea0351c-e316-4fac-99dd-cb82df92fa44.jpg,41
dec37762-02ee-4417-a86c-b2fc4372fe0b.jpg,47
deeb667e-388a-43b3-83c4-44e98d732295.jpg,32
df0b0399-d4a4-4f3f-9510-7dfab17fcca5.jpg,47
df261ceb-4877-4be2-9ce7-b2e8064fe6b1.jpg,29
df31038a-188e-4a52-ac1b-a5e73a333f8f.jpg,2
df55d82e-751c-4958-b254-c8d029e7b362.jpg,6
df5fc898-825e-4472-a945-281f74a079c7.jpg,37
df7a82b7-5c54-4082-8486-051527e20124.jpg,31
df9ca0d5-7150-4453-812b-3aff5cc41837.jpg,18
dfc2c94f-39c6-4064-87ee-03877ef29d4f.jpg,50
dfdc3104-aa97-4c77-a98a-a8f9b8ac59d6.jpg,52
dff3f09c-a67c-4c36-a9aa-c7561670b7b9.jpg,51
dff56034-b702-4225-b2a9-d5c23b7155c4.jpg,45
e0144042-ca37-459b-a5e7-dee612ef4aa9.jpg,4
e015ee15-f05f-479a-b290-30827497e5df.jpg,9
e027ff16-31f2-4412-a718-59e85fb10d1e.jpg,23
e0372261-9fca-4983-8631-faf072b554ec.jpg,34
e057166f-3bdc-41e1-8ad2-0832ba9f73b7.jpg,27
e060d9fc-e6dd-4daf-b99c-5c2a7a770b41.jpg,32
e06630c2-ff94-4467-b88a-bef06f0606e4.jpg,52
e069b458-04aa-4d39-bbc7-2dc175ecd55f.jpg,42
e0b3dccb-556c-4034-89fa-79a2402c3569.jpg,8
e0d39037-94ea-432c-ba95-4a8a77744528.jpg,2
e0f38519-8bd7-4827-90d3-9dbd6080aa2d.jpg,22
e104503b-68b8-4030-bed0-8d0ea1bbcd23.jpg,3
e11a4b27-834b-4cd4-916a-611fe0ac9e01.jpg,1
e13a35cc-b084-4320-8287-225b58d36f53.jpg,45
e14948bc-d725-446a-a8f5-e3d4c73a98b9.jpg,29
e1a15b0b-3c55-4bd7-a6e4-6cea870af8c6.jpg,34
e1c93f2c-c27e-4514-a756-06ce75daf7e4.jpg,2
e1ccb265-9177-4b60-a42e-5fd77303f710.jpg,9
e219b6f7-8760-4861-8975-3d0de56ec0ee.jpg,17
e26d1a2a-6532-46fb-b003-b1fce8660d64.jpg,30
e2707aff-e05e-4675-a064-97f49ad4f677.jpg,5
e2a60631-34c5-4052-a906-53e192c66814.jpg,37
e315694a-280d-4e8d-9d21-6b7d055f6b5a.jpg,50
e31b824b-f711-4ba8-ae02-02db4464193b.jpg,1
e362ce45-d312-4f80-a6a8-d2c8bfe23534.jpg,13
e383a2cb-9feb-4dfc-8ca0-fe5225c4a077.jpg,45
e3b1e762-ca2d-4566-b40a-d9f8648a19ca.jpg,4
e3defb14-298e-4a4a-83ca-bc413d204012.jpg,38
e3f6436d-af0e-4fc1-ae52-54773ab7b0cd.jpg,3
e43b9ad0-5222-4945-aadd-5f499aee0bde.jpg,47
e44f2c71-0f49-43e1-8c92-01930a3c1fe4.jpg,52
e48c5ab1-84bd-43f2-a87f-8d84377b5777.jpg,37
e493bf1e-e53f-46c9-8b8c-07597381aad0.jpg,39
e4ba2c44-21fe-49c7-91c3-72e7ea806a05.jpg,8
e4c73f5a-83ed-4094-a0a4-7118c6147f6e.jpg,32
e4c8ce59-59fd-4c16-9b8c-5ae07e34ff4e.jpg,29
e50cb921-ad7d-477e-bc4c-e2c61cf76532.jpg,50
e527ec56-3713-43fa-ad82-063a009b7d6a.jpg,8
e578d5ba-db27-4a1d-b0aa-93142b333f4a.jpg,8
e5843d11-a9aa-40c2-92a0-d70e9103a1c0.jpg,51
e5851cf5-6afd-4953-80da-95dfb8b8281f.jpg,44
e58e45e4-bf77-4e8c-9a02-bbe5b20128cf.jpg,32
e5c710af-e6b4-4b6c-b0ec-5d8baa5e5197.jpg,5
e5de848e-9e47-4ae8-9a4f-611feafe7151.jpg,44
e5f09f36-4d1f-42dd-bdd5-487747482b12.jpg,15
e655ae1b-0a62-4ac7-a712-52f3ed7fea47.jpg,16
e67d989b-e8fa-48b6-ae34-dad384c759c3.jpg,44
e6be400d-dfcc-4d47-b17f-0ce43c288a09.jpg,46
e6c34eff-b130-4278-a8cb-91aac62beef2.jpg,22
e6eef1c3-04c1-4026-afc4-330b57354a2e.jpg,45
e6f0e26f-5fd8-4ecf-9c51-ece53094786f.jpg,10
e712c3f7-57a1-4d5f-8a70-60e7bd4f15f8.jpg,31
e717bf93-1b44-4c87-9043-580f97491903.jpg,42
e769a128-9909-418f-8f81-ab1b5d974a9f.jpg,46
e783f0c0-d4fe-41ca-b3ce-a8d36bb03e4b.jpg,27
e7a332be-e251-4275-8aa9-9afe74f79832.jpg,13
e81fd531-c28c-437e-b7d3-9534e0aafb22.jpg,3
e834bfe4-deee-4b55-af39-3a9c7a1f3978.jpg,20
e8491541-e9a1-4c74-a1bb-c107dc92a101.jpg,27
e86bb457-ec71-4015-b0f5-f8bb209c98af.jpg,39
e8d4f4ed-dde9-4873-89e3-0995dbeecad1.jpg,12
e9082ddb-4604-4aab-808e-c717358774cf.jpg,52
e94a48c8-0129-489c-a785-46a5134615fd.jpg,35
e957702a-453d-4233-8167-aa6a7507aef4.jpg,51
e97a1b04-8666-4f8f-979a-5cbb10b830fe.jpg,47
e9801975-f1a1-48e1-8878-53849825f2d8.jpg,2
e9a3d1e8-b8dc-4c25-92ce-a79e822bd191.jpg,27
e9c8d216-f1ac-49d3-b347-0df0b1400905.jpg,17
e9d538d7-bc41-41ae-8d40-c569d625b605.jpg,37
ea113130-873d-43f9-9e30-e0424e03e623.jpg,25
ea178b3f-3670-40d6-919e-3747ce71020a.jpg,23
ea4a15b8-99b6-4855-943b-b20919c7b5e2.jpg,11
ea8ae115-0b18-44ed-9db1-3bef3501732c.jpg,26
ea9297ea-93ed-441e-9b2a-25aa5eb3e221.jpg,33
ea9cef4f-d9c6-48b7-bc85-a7213bed530f.jpg,3
eb26bab6-f499-47cd-b846-9d7a6efa76aa.jpg,38
eb322eed-856e-4ec6-b396-7f9c73753305.jpg,33
eb6313f5-b612-4936-b331-e530d52fc229.jpg,1
ebc69887-a3c7-4e5e-a150-cf17e0eb2e68.jpg,50
ebe9ed7c-f09d-4d17-9aab-fd38ba4e338b.jpg,4
ec21396c-0785-4eae-9776-200aca21e21e.jpg,37
ec32f557-ede1-4f38-8177-57c80f618574.jpg,37
ec57cdb0-303a-48a6-a3c8-8a98a54bbbb2.jpg,10
ec81f1a3-8d23-44bb-9eb7-e886b30d05dc.jpg,38
ecc8f075-be0b-4b21-afe6-4a692de17e31.jpg,18
ece012d3-0b04-41a5-b92f-04058c62f550.jpg,18
ece94942-590d-4b13-b2dd-ed17cba87f42.jpg,38
ed33d035-5b77-48a1-9cac-7dc68a2ccbaa.jpg,10
ed4ab733-a610-4e02-97dc-c91ff356ef74.jpg,1
ed8ec1a5-3132-473a-bcf4-df4506c20fdf.jpg,32
ed92f8df-8725-4bfa-8a89-beaadc118cec.jpg,25
edd3bb8a-165a-4c23-819d-6849ad9e8326.jpg,39
edd4d9b5-9e2b-4f57-b1fd-aadbddba20aa.jpg,46
ede28043-7fe4-4e8b-9f00-bf7bc81dea07.jpg,7
ee0a9e1d-0e46-49fb-865d-7df92e420a30.jpg,18
ee21e13d-a02f-443b-9a0e-269750b53d88.jpg,40
ee431bea-863e-450c-ae9c-32aee1da3a5d.jpg,6
ee48839f-aa79-4c94-acda-043b6133e0f5.jpg,3
eec9c1bd-77a6-4556-93c0-bbcb04522e1e.jpg,0
eed93422-4899-42d8-8913-ab24ccc197f9.jpg,32
ef5deab0-00e3-4010-a793-62a521c3bb10.jpg,8
ef7a327e-8b8e-4741-8279-2e518f8ec06b.jpg,52
ef972879-d582-46d2-8da2-0dc335114693.jpg,9
efb7a21c-e56c-44ea-a5ef-073adcf242f7.jpg,51
efe49872-a7ec-4294-9573-e3392bc1dd27.jpg,23
eff4e053-26fc-4697-9a45-ef6d96442624.jpg,38
f00bae55-eae8-4317-9724-e6ea2f7b1009.jpg,17
f04ab838-4517-47b4-860d-339a5637339b.jpg,45
f0930ea7-4704-4bf9-81c3-d73cb3451391.jpg,2
f09c661b-c969-4ec6-9950-d707757b47b7.jpg,52
f0d0f56a-0b15-42c6-a625-6ff43ace4f94.jpg,34
f1207a7a-99a7-4850-82c6-b4d495d3f622.jpg,46
f173fa87-72a6-4423-b864-e99640938287.jpg,0
f1784dcb-18da-4ed7-b3ab-ecd25e65c8de.jpg,14
f1a15e2c-2db8-41f7-be71-ecd681a395be.jpg,12
f1b20b9a-5c6e-4b1a-8df2-e8c157de69fd.jpg,31
f1e181ab-aab8-439d-9c5a-8bb2bf2f5b58.jpg,24
f1e4f90f-c92d-447b-be30-9614246ebae5.jpg,24
f21ff191-6cfa-4e80-a7ea-ea09193a514f.jpg,18
f232f469-7fcb-4cd1-8f22-aa5180fdbb30.jpg,50
f271212a-293f-4ba8-bbfd-7adc403bc6e9.jpg,4
f2788f00-4fd5-4fc9-90f1-08ca41cb5312.jpg,19
f2853b7c-7aa7-4ed5-a164-626ed778c392.jpg,41
f287b9ff-a1e0-4726-9dc9-23685994a41b.jpg,20
f28d3e57-989b-4640-929c-41735ab314b3.jpg,13
f2aa9595-4918-44cf-ba1a-f2b737230489.jpg,39
f32719e9-b59e-4cd1-ba86-a6489198e4f1.jpg,12
f3415d19-a78b-4fc2-88ec-347fe180b489.jpg,4
f35e6c03-9637-49ca-8ef8-edb3c13dfdb0.jpg,34
f39e6074-c530-4caa-be31-c1f725b8b680.jpg,33
f3c0b2fb-c710-46b8-8a23-e785332e1e04.jpg,39
f3dba352-caee-455f-a4a9-ff3e1a5bc214.jpg,42
f3de2805-8539-4c25-9ca9-389547c209c3.jpg,1
f434fb8e-a043-438a-9c99-ecc36291544f.jpg,33
f4569877-017f-4aa5-ab6b-bab18ff8caf2.jpg,12
f467f463-a6bb-4f10-acd0-91665cc44d69.jpg,34
f50de026-4c00-45f9-8149-8c81370e7aee.jpg,45
f51334a7-c48e-4f0e-8fca-e2cb781f1bf2.jpg,42
f52fcbb9-cc3b-40f7-a13b-7ada31b132b2.jpg,0
f55608dc-26c5-4424-8591-86f0df361e73.jpg,23
f5ca56ee-502b-4a05-9679-eecee8388f5b.jpg,17
f5e490ae-de29-46b8-b488-521f1b87544f.jpg,39
f5e98370-0181-45ff-a1e9-a22ff806704b.jpg,24
f64bf7ca-2bce-4356-840e-6a5cc7ff0aed.jpg,36
f64f81ca-7ce7-4ce1-a738-feb1cdf2d3d9.jpg,46
f6a3293a-1803-4484-944f-610beb627b7c.jpg,17
f6ab54b0-6460-4cac-8bc1-864e9cfd1032.jpg,39
f6e2a7b2-d6a4-47fc-8b1e-759dfed83360.jpg,27
f75c8022-c156-41b3-9b2c-55ae980d47b3.jpg,11
f769fba9-eb6b-4130-9efe-83099b2b5db8.jpg,27
f7aa1a09-7dc2-4849-acb9-841ce8faeb71.jpg,49
f7b47700-807c-49fb-a62f-1edc4d46eddf.jpg,10
f7f60d8b-40ec-4038-929f-cfc12da95aa8.jpg,8
f812fdff-b39f-443e-9f81-0e4f7fa79966.jpg,11
f83ec2ee-cace-4b97-8f8c-c3d8f53c7830.jpg,43
f850a69d-7916-4dc9-a1f3-cb98d38d6236.jpg,36
f894ee0a-7355-4ecd-87b8-4d88d3034e21.jpg,40
f914fc19-47a9-4054-a301-a91bd95e0929.jpg,47
f917d750-6957-4cb7-aa30-72554a268b4b.jpg,12
f9302a49-a8e3-427b-969c-e9632557847f.jpg,42
f974a9e3-989e-4e56-9e50-85613f7cdb85.jpg,11
f9cfc300-d802-4dcd-8925-e9cb0798390e.jpg,6
f9e9a2ff-4249-451e-8536-2199a7152a1e.jpg,5
f9ff0588-ad22-40bb-a0ec-1a5a1f0b6920.jpg,18
fa8b0429-d58c-4ae2-bc56-2632c107f73e.jpg,20
fabf1244-c980-4d87-a72c-1db43fe595ac.jpg,42
fac9a032-5dfe-47cf-8f4d-80079f5b5e29.jpg,25
faf15fdc-6c32-47b3-945d-126a8254ab52.jpg,46
fb1bba44-0a03-444d-bbf2-ec77e6ee6a41.jpg,26
fb21c292-5269-4388-8ada-bf93ef7e6253.jpg,25
fb3e0f17-cf9a-4468-a546-fe07d0eca66d.jpg,9
fb52be9a-3ace-472d-b649-76a331db7dcd.jpg,6
fb69bdeb-e130-4277-81ef-deaf8ca2ca3a.jpg,14
fb6f3fb0-a3e9-4e5e-b94c-849c16b0e68f.jpg,32
fbf68251-15ed-4d49-b7cc-a6924e93de73.jpg,5
fbfaa700-08fe-46ec-823c-a77c9ec0a786.jpg,12
fc0bde53-2f79-4090-a212-21a7c682f15d.jpg,51
fc127264-e1e6-44ec-8be6-93b6cf257fac.jpg,35
fc1ce001-e99a-4062-b5cd-225129a6f1a6.jpg,8
fc2d3072-f296-4c63-a3c6-bbb0319cdc89.jpg,23
fc345955-1967-4777-b822-b3df6bceacfd.jpg,34
fc3d598e-48dd-48fa-9f7d-9e1395d04a18.jpg,24
fc471b7e-8544-4a4e-a7cc-7ae8a7c710ee.jpg,29
fc874eab-30fd-49ee-8544-9204f8d5601e.jpg,47
fcb58530-d51e-4d07-8bf4-baadd0403159.jpg,45
fccb83b5-e960-4b8d-abc3-a0672fa76f08.jpg,17
fd53090c-a5b6-47fa-a79f-752d2141ba62.jpg,25
fd8c3f71-ff14-4775-a77e-85a32b9dc091.jpg,52
fd8faf1c-242b-4f1d-81a6-7c9bae5b9d17.jpg,27
fdd99d9a-0386-40ed-9d15-f2480c262803.jpg,5
fe3241c8-94a9-4a33-b927-3b1764aefae7.jpg,34
fe6f8a9c-7729-452d-9617-f1e2778bf1ec.jpg,46
fe73cb41-ddfe-4791-bee3-48ea56713905.jpg,9
fea08942-4f78-4915-b698-718140d71041.jpg,37
feaad5be-c332-4c23-8742-7c53cd765b0c.jpg,45
fecb0af3-63f6-43c8-a9e8-e4fb135d05ed.jpg,44
fed7d635-c8ec-4984-b6a1-470bd6ef376c.jpg,10
fef2a894-ae10-4b29-9779-41bd217ec459.jpg,45
ff2d4914-0904-4b52-9671-1771f2a1c166.jpg,8
ff3ea2d2-6d20-4649-b9c2-417242cb6f5e.jpg,3
ff9f7d5c-fa19-419e-94bb-fabe89d5749b.jpg,43
ffe92313-f2e6-4130-bbe9-41cc1c5b9551.jpg,39
ffedfa96-f79c-4fad-bb05-1c3b96595fb2.jpg,34
fff7178a-30a6-46e0-bf9f-237f84119136.jpg,52
fffc6285-27d7-4392-bc47-27ed25f06c10.jpg,0
